Region,Soil Type,Crop Name,Recommended pH,Turbidity (NTU),Water Temp (°C),Fertilizers to Use,N (kg/ha),P₂O₅ (kg/ha),K₂O (kg/ha),Zn (kg/ha),S (kg/ha)
Bihar,Peaty,Maize,5.1,6,24,"Vermicompost, Bio-fertilizers",54.3,25.3,5,0,0
Tamil Nadu,Red,Cotton,6.4,9,29,"Urea, DAP",83.6,59.1,40.9,0,28.7
Bihar,Red,Barley,7.5,8,21,"Bone Meal, Urea",78.2,24.6,24.8,0,0
Punjab,Laterite,Barley,5.1,5,28,"Gypsum, Ammonium Sulphate",77.8,25.2,27.6,0,0
Maharashtra,Saline,Sugarcane,7.6,5,20,"Compost, NPK",223,63.2,81.1,0,22
Rajasthan,Saline,Maize,5.6,3,18,"Superphosphate, Lime",49.2,21.1,4.2,0,0
Haryana,Clay,Millet,5.1,3,29,"Potash, Farmyard Manure",54,25.2,24.5,0,0
Madhya Pradesh,Clay,Maize,6,5,34,"Potash, Farmyard Manure",47.7,19.6,4.5,0,0
Kerala,Sandy,Cotton,5.1,6,32,"Compost, NPK",80.8,31,74.8,0,26.2
Madhya Pradesh,Sandy,Tea,6,6,20,"Gypsum, Ammonium Sulphate",148.3,53.8,50,0,0
Bihar,Black,Sugarcane,6.9,4,22,"Compost, NPK",151.6,85.6,60.9,0,23.7
Punjab,Clay,Sugarcane,6.6,10,35,"Potash, Farmyard Manure",235.6,90,109.7,0,21.1
Punjab,Peaty,Groundnut,7.8,13,18,"Urea, DAP",25.1,42,72.9,9.5,27.6
Gujarat,Chalky,Maize,5.9,8,22,"Neem cake, Rock phosphate",44.6,19,4.1,0,0
Bihar,Chalky,Barley,8,4,29,"Neem cake, Rock phosphate",62.5,33,36.6,0,0
Madhya Pradesh,Saline,Tea,7.9,12,25,"Superphosphate, Lime",166.6,53.2,76.8,0,0
Bihar,Saline,Pulses,5.5,9,22,"Urea, DAP",35.9,41.5,21.2,6.3,13.1
Gujarat,Saline,Cotton,5.7,5,20,"Neem cake, Rock phosphate",117.9,57.5,46.4,0,25.5
Haryana,Black,Tea,7.1,13,25,"Neem cake, Rock phosphate",159.1,42.3,65,0,0
Uttar Pradesh,Alluvial,Groundnut,6.4,12,23,"Urea, DAP",28.1,54.2,56.1,6.8,25.9
Haryana,Saline,Groundnut,6,8,34,"Neem cake, Rock phosphate",11.7,49.5,44.5,8.6,20.3
Tamil Nadu,Clay,Tea,5.6,4,20,"Cow dung, Potash",148.3,50.9,47.7,0,0
Punjab,Loamy,Wheat,5.5,9,28,"Vermicompost, Bio-fertilizers",53.6,55.4,33.1,0,0
Haryana,Peaty,Rice,6.1,9,30,"Bone Meal, Urea",187.3,52.6,41.8,20,0
Tamil Nadu,Chalky,Tea,5.1,4,35,"Neem cake, Rock phosphate",193.3,59.5,49.9,0,0
Gujarat,Black,Maize,6.1,6,21,"Vermicompost, Bio-fertilizers",51.9,20.2,4,0,0
Madhya Pradesh,Red,Tea,8,13,23,"Cow dung, Potash",171.8,55.8,72.1,0,0
Rajasthan,Loamy,Groundnut,7,13,34,"Superphosphate, Lime",16.3,43.6,48.7,9.8,20.8
Uttar Pradesh,Clay,Rice,7,15,19,"Compost, NPK",181.8,68.6,53,24.4,0
Madhya Pradesh,Alluvial,Millet,7.8,8,24,"Bone Meal, Urea",45.6,22.3,37.2,0,0
Rajasthan,Black,Rice,7.8,12,28,"Urea, DAP",162.3,68.6,54.2,21.7,0
Punjab,Alluvial,Barley,6.5,6,27,"Neem cake, Rock phosphate",45.4,23.6,29.3,0,0
Punjab,Laterite,Tea,7.9,9,29,"Compost, NPK",131.2,52.4,69.2,0,0
Madhya Pradesh,Alluvial,Cotton,5.7,12,33,"Superphosphate, Lime",73.6,37.6,60.6,0,21.2
Rajasthan,Loamy,Pulses,7.6,4,26,"Green manure, Phosphate",36.2,45.6,26.6,6.6,15.4
Bihar,Loamy,Barley,5,6,24,"Bone Meal, Urea",78.5,39.4,20.2,0,0
Punjab,Peaty,Barley,7.4,11,29,"Potash, Farmyard Manure",55.3,27.8,29.6,0,0
Maharashtra,Red,Tea,5.8,5,33,"Green manure, Phosphate",147.9,57.9,52.7,0,0
Gujarat,Sandy,Groundnut,7.1,13,25,"Compost, NPK",21.6,49.3,41.7,8.3,22.3
Madhya Pradesh,Loamy,Barley,5.7,4,20,"Compost, NPK",61.3,39.2,27.7,0,0
Gujarat,Sandy,Maize,5.7,15,26,"Neem cake, Rock phosphate",43.6,17.8,4.5,0,0
Kerala,Saline,Maize,7.7,6,35,"Gypsum, Ammonium Sulphate",51.4,22.3,4.5,0,0
Rajasthan,Laterite,Millet,7.6,13,27,"Cow dung, Potash",41.5,25.8,20.9,0,0
Rajasthan,Red,Pulses,6.7,12,18,"Vermicompost, Bio-fertilizers",32.2,42.3,21.3,9.4,10.4
Gujarat,Chalky,Pulses,7.7,3,22,"Bone Meal, Urea",21.8,51.3,28.7,7.1,11.5
Maharashtra,Clay,Barley,8,3,30,"Neem cake, Rock phosphate",44.9,36,23.8,0,0
Punjab,Red,Wheat,5.4,10,35,"Neem cake, Rock phosphate",158.3,55.3,30.6,0,0
Punjab,Black,Maize,6.9,5,18,"Gypsum, Ammonium Sulphate",55.5,22.8,4.8,0,0
Haryana,Saline,Pulses,6.3,3,23,"Cow dung, Potash",33.9,41,23.4,8,13.9
Punjab,Sandy,Wheat,6.5,15,32,"Urea, DAP",54.2,53.3,32.4,0,0
Rajasthan,Clay,Barley,7.9,8,23,"Cow dung, Potash",49.9,20.2,38.8,0,0
Gujarat,Clay,Cotton,7.6,7,18,"Bone Meal, Urea",114.5,44.4,73.5,0,25.9
Uttar Pradesh,Peaty,Maize,6.3,13,25,"Vermicompost, Bio-fertilizers",43.7,17.6,4.3,0,0
Rajasthan,Red,Pulses,7,5,21,"Bone Meal, Urea",25,42.5,20.2,9.5,18.7
Haryana,Clay,Sugarcane,5.9,12,30,"Bone Meal, Urea",203.2,72,119.3,0,30.3
Uttar Pradesh,Black,Tea,6.8,6,35,"Gypsum, Ammonium Sulphate",100.7,59.3,40.3,0,0
Bihar,Chalky,Wheat,6.3,6,22,"Potash, Farmyard Manure",159.5,60,30.1,0,0
Kerala,Clay,Pulses,7.6,14,34,"Urea, DAP",25.6,43.7,29,6.3,11.5
Haryana,Alluvial,Tea,5.6,10,25,"Compost, NPK",173.5,54.4,41.4,0,0
Kerala,Loamy,Barley,7.1,3,33,"Vermicompost, Bio-fertilizers",75.3,35.1,28.2,0,0
Punjab,Black,Pulses,6.1,13,28,"Green manure, Phosphate",38.2,53.1,26.4,7.5,15.3
Rajasthan,Black,Rice,5.3,10,25,"Superphosphate, Lime",197.4,67.3,57.4,20.3,0
Maharashtra,Black,Rice,8,5,32,"Urea, DAP",187.8,55.1,58.8,18,0
Punjab,Red,Tea,8,13,28,"Compost, NPK",105.1,50.3,74.2,0,0
Haryana,Black,Rice,6.1,12,26,"Bone Meal, Urea",125.9,53,49,15.6,0
Punjab,Saline,Millet,7.6,10,31,"Gypsum, Ammonium Sulphate",50.5,21,30.1,0,0
Haryana,Loamy,Rice,6.8,13,31,"Potash, Farmyard Manure",164.5,67,49.5,22.4,0
Bihar,Alluvial,Millet,5.7,4,19,"Compost, NPK",46.2,25.3,31.1,0,0
Bihar,Laterite,Barley,7.1,6,35,"Compost, NPK",54.7,22.6,39.2,0,0
Rajasthan,Saline,Groundnut,5.3,4,19,"Neem cake, Rock phosphate",21.8,42,69.4,5.4,22.9
Punjab,Laterite,Sugarcane,6.9,5,30,"Superphosphate, Lime",192.6,71.3,97.7,0,28.5
Rajasthan,Loamy,Wheat,5.9,13,19,"Gypsum, Ammonium Sulphate",159.2,52.9,30.7,0,0
Kerala,Red,Maize,6.3,4,33,"Gypsum, Ammonium Sulphate",49.5,17,4.6,0,0
Maharashtra,Black,Barley,6.8,10,22,"Bone Meal, Urea",71.1,29.8,34.9,0,0
Maharashtra,Loamy,Maize,6.8,3,27,"Potash, Farmyard Manure",47.4,16.7,4.6,0,0
Rajasthan,Red,Millet,6.5,9,32,"Bone Meal, Urea",46.2,20.6,30.3,0,0
Rajasthan,Saline,Sugarcane,5.8,12,29,"Compost, NPK",187,73.7,73,0,22.6
Madhya Pradesh,Clay,Millet,7,10,29,"Superphosphate, Lime",55.4,24.1,21.9,0,0
Rajasthan,Alluvial,Rice,7,12,33,"Vermicompost, Bio-fertilizers",198.9,66.6,59.5,16.1,0
Punjab,Black,Pulses,5.2,10,18,"Cow dung, Potash",25.6,58.4,24.3,5.6,18.6
Kerala,Peaty,Barley,5.8,15,31,"Superphosphate, Lime",77.6,34.4,23.7,0,0
Uttar Pradesh,Peaty,Maize,5.5,8,22,"Bone Meal, Urea",46.5,26.7,4.7,0,0
Punjab,Loamy,Wheat,7,7,26,"Potash, Farmyard Manure",129.9,52.9,32,0,0
Rajasthan,Chalky,Cotton,6.3,15,30,"Compost, NPK",123.5,33.2,69.3,0,20.9
Haryana,Red,Tea,5.3,8,26,"Gypsum, Ammonium Sulphate",121.1,42.4,62.4,0,0
Uttar Pradesh,Peaty,Barley,5,3,27,"Cow dung, Potash",62.4,33.1,22.4,0,0
Bihar,Black,Barley,7.2,12,28,"Vermicompost, Bio-fertilizers",60,35.3,29.8,0,0
Punjab,Saline,Maize,5.3,12,30,"Potash, Farmyard Manure",43.8,18.6,4.4,0,0
Uttar Pradesh,Peaty,Rice,6.9,13,23,"Cow dung, Potash",129.7,65.8,41.4,18.3,0
Maharashtra,Red,Tea,7,11,33,"Compost, NPK",149,57.8,57.4,0,0
Rajasthan,Black,Pulses,7.9,7,21,"Vermicompost, Bio-fertilizers",15.9,46.7,23.2,7.3,17.8
Uttar Pradesh,Loamy,Wheat,6.6,13,25,"Cow dung, Potash",175.7,57.7,38.2,0,0
Maharashtra,Red,Rice,7.1,5,34,"Gypsum, Ammonium Sulphate",142.3,50.3,58.6,15.1,0
Gujarat,Loamy,Tea,6.4,9,28,"Gypsum, Ammonium Sulphate",121,55.6,55.8,0,0
Kerala,Peaty,Cotton,5,3,18,"Neem cake, Rock phosphate",125.9,57.8,69.1,0,20.9
Maharashtra,Saline,Barley,7.4,9,22,"Urea, DAP",41.4,26.4,24.8,0,0
Kerala,Chalky,Pulses,6.8,12,31,"Bone Meal, Urea",20.7,40.2,24.4,8,10.7
Bihar,Saline,Groundnut,5.4,12,19,"Compost, NPK",10.7,57.5,70.1,5.7,20.7
Tamil Nadu,Saline,Pulses,7.2,6,20,"Urea, DAP",29.8,41.9,23.5,7.8,10.8
Madhya Pradesh,Saline,Millet,6.4,6,29,"Neem cake, Rock phosphate",47.2,23,32.8,0,0
Maharashtra,Black,Cotton,5.1,5,24,"Compost, NPK",105,45.1,52.8,0,25.2
Kerala,Loamy,Cotton,5.4,7,19,"Gypsum, Ammonium Sulphate",133.8,41,47.1,0,28.7
Rajasthan,Laterite,Groundnut,6.5,6,35,"Cow dung, Potash",25.2,44.1,55.5,7.7,28.1
Haryana,Saline,Maize,6,11,27,"Neem cake, Rock phosphate",47,15.4,4.4,0,0
Kerala,Laterite,Groundnut,5.5,15,35,"Cow dung, Potash",28.5,42.7,41.1,5.5,22.3
Madhya Pradesh,Laterite,Wheat,8,8,33,"Bone Meal, Urea",123.9,45.8,31.7,0,0
Haryana,Alluvial,Pulses,6.4,14,24,"Cow dung, Potash",26.6,46.6,26,6.4,15.3
Punjab,Loamy,Maize,6.5,6,31,"Vermicompost, Bio-fertilizers",40.2,18.6,4.8,0,0
Rajasthan,Saline,Sugarcane,7.3,11,18,"Superphosphate, Lime",195.5,80.5,115.1,0,33.5
Gujarat,Black,Barley,7.5,5,22,"Superphosphate, Lime",50.6,25.4,30,0,0
Madhya Pradesh,Peaty,Rice,5.1,13,24,"Gypsum, Ammonium Sulphate",158.1,61.9,47.5,13.5,0
Gujarat,Laterite,Sugarcane,5.5,5,26,"Potash, Farmyard Manure",193.6,85.8,67.6,0,33.5
Gujarat,Sandy,Wheat,5.3,7,21,"Compost, NPK",131.2,53.8,30.5,0,0
Bihar,Black,Groundnut,5.4,14,23,"Vermicompost, Bio-fertilizers",29.2,52.7,63.8,9.2,20.1
Kerala,Chalky,Maize,5.8,8,32,"Compost, NPK",54.6,27,4.5,0,0
Madhya Pradesh,Red,Pulses,7,9,29,"Compost, NPK",17.2,43.7,23.3,8.1,15
Tamil Nadu,Clay,Maize,7.8,7,23,"Green manure, Phosphate",58.2,27.1,4.1,0,0
Madhya Pradesh,Peaty,Groundnut,6.2,8,31,"Potash, Farmyard Manure",10.7,50.7,54.3,5.7,20.2
Tamil Nadu,Clay,Cotton,5.2,10,18,"Compost, NPK",129.9,31.8,55.3,0,29.4
Punjab,Saline,Wheat,6.9,12,24,"Superphosphate, Lime",62.5,53.8,30.2,0,0
Madhya Pradesh,Laterite,Maize,7.6,3,32,"Vermicompost, Bio-fertilizers",55,24.9,4,0,0
Madhya Pradesh,Loamy,Sugarcane,7.7,3,31,"Green manure, Phosphate",150.6,67.4,112.8,0,25.5
Uttar Pradesh,Clay,Barley,7.6,11,24,"Gypsum, Ammonium Sulphate",63.3,33.3,27.8,0,0
Haryana,Red,Rice,6.5,8,25,"Cow dung, Potash",167.2,58.4,52.6,19.8,0
Maharashtra,Chalky,Millet,6.7,3,33,"Vermicompost, Bio-fertilizers",46.7,24.6,35.1,0,0
Rajasthan,Red,Barley,5.4,14,29,"Potash, Farmyard Manure",65.8,32.4,35.4,0,0
Kerala,Alluvial,Tea,7.9,15,32,"Potash, Farmyard Manure",178.4,57.5,60.1,0,0
Haryana,Red,Maize,7.1,4,18,"Potash, Farmyard Manure",58.7,20.8,4.4,0,0
Maharashtra,Saline,Cotton,6.3,8,30,"Cow dung, Potash",106.3,30.3,41.1,0,28.8
Maharashtra,Alluvial,Cotton,6.1,4,31,"Green manure, Phosphate",115.5,36.1,43.9,0,23.2
Madhya Pradesh,Laterite,Pulses,6.2,5,34,"Superphosphate, Lime",35.7,47.3,29,6.2,14.5
Uttar Pradesh,Chalky,Barley,5.3,6,20,"Potash, Farmyard Manure",42.8,39.3,33.1,0,0
Bihar,Saline,Barley,6.1,9,27,"Compost, NPK",50,36.9,37.7,0,0
Kerala,Peaty,Sugarcane,5.6,11,24,"Urea, DAP",198.2,70.6,95.4,0,28.3
Gujarat,Sandy,Sugarcane,7.8,11,22,"Gypsum, Ammonium Sulphate",230.9,79.3,63.7,0,36.5
Tamil Nadu,Clay,Tea,6.4,3,29,"Green manure, Phosphate",185.5,49.7,78.2,0,0
Haryana,Black,Millet,5.2,9,31,"Neem cake, Rock phosphate",45.9,27.5,37.1,0,0
Madhya Pradesh,Saline,Sugarcane,5.3,3,29,"Cow dung, Potash",171.5,84.5,98.3,0,34.7
Tamil Nadu,Peaty,Barley,6.8,13,25,"Urea, DAP",59.6,34.4,21.6,0,0
Rajasthan,Saline,Tea,7.5,6,22,"Neem cake, Rock phosphate",132.8,51.1,66.2,0,0
Bihar,Sandy,Wheat,5.6,13,23,"Compost, NPK",79.5,51.5,35.4,0,0
Tamil Nadu,Laterite,Pulses,6.8,7,35,"Gypsum, Ammonium Sulphate",26.1,46.4,21.4,5.8,13.9
Haryana,Red,Rice,7.9,12,27,"Potash, Farmyard Manure",137.5,61,45.3,17.4,0
Haryana,Saline,Rice,7.5,5,20,"Compost, NPK",121.9,55.9,56.7,22.4,0
Punjab,Red,Millet,6.4,12,21,"Neem cake, Rock phosphate",58,21.4,33.1,0,0
Maharashtra,Peaty,Groundnut,7.9,8,20,"Gypsum, Ammonium Sulphate",16,57.4,46.4,5.8,29.1
Bihar,Sandy,Tea,7,3,19,"Vermicompost, Bio-fertilizers",103.7,44.1,41.9,0,0
Rajasthan,Sandy,Pulses,6.3,10,25,"Urea, DAP",15.9,55.1,23.9,8,10.9
Punjab,Sandy,Cotton,7.4,12,24,"Bone Meal, Urea",121,38.8,72.1,0,28.3
Rajasthan,Red,Barley,6.5,6,21,"Cow dung, Potash",44.4,24.9,22.8,0,0
Bihar,Red,Millet,6.4,8,33,"Cow dung, Potash",46.3,29.4,20.5,0,0
Haryana,Red,Wheat,5.1,6,26,"Urea, DAP",143.8,55,32.6,0,0
Tamil Nadu,Loamy,Sugarcane,5.4,14,32,"Neem cake, Rock phosphate",199.5,74.9,93.2,0,22.3
Gujarat,Red,Rice,5.8,12,27,"Neem cake, Rock phosphate",188.8,69.4,48.7,14.4,0
Madhya Pradesh,Black,Cotton,5.6,15,35,"Vermicompost, Bio-fertilizers",135.9,54.6,75.5,0,23.3
Gujarat,Saline,Groundnut,6.3,7,35,"Urea, DAP",11.8,51.2,50.1,5.4,22.7
Rajasthan,Laterite,Tea,5.3,11,33,"Urea, DAP",181.4,54.2,51.4,0,0
Bihar,Laterite,Rice,6.7,13,23,"Neem cake, Rock phosphate",127.5,58.5,45.4,15.8,0
Punjab,Saline,Millet,6.2,12,19,"Vermicompost, Bio-fertilizers",45.1,21,23.6,0,0
Bihar,Alluvial,Millet,6.5,11,33,"Gypsum, Ammonium Sulphate",50,25.3,25.6,0,0
Bihar,Alluvial,Sugarcane,7.1,13,26,"Green manure, Phosphate",157.2,64.5,81.4,0,29.6
Uttar Pradesh,Chalky,Millet,5.6,8,35,"Green manure, Phosphate",42.1,23.6,35.5,0,0
Bihar,Chalky,Pulses,6.2,5,29,"Compost, NPK",33.7,56,22.2,8,12.3
Haryana,Red,Millet,8,15,23,"Green manure, Phosphate",43.6,29.9,33.5,0,0
Punjab,Clay,Rice,6.2,6,29,"Urea, DAP",167.4,65.7,47.8,14.8,0
Uttar Pradesh,Black,Wheat,5.9,13,23,"Neem cake, Rock phosphate",128.2,59.1,30.4,0,0
Gujarat,Loamy,Maize,7,15,21,"Green manure, Phosphate",43.1,19.3,4.4,0,0
Uttar Pradesh,Peaty,Cotton,7.1,4,21,"Urea, DAP",104.9,43.6,64.3,0,23.5
Punjab,Red,Groundnut,7.6,12,25,"Urea, DAP",10.3,43.3,46.5,6.1,26
Punjab,Black,Sugarcane,5.9,15,34,"Green manure, Phosphate",176.8,75.8,104.6,0,36.4
Rajasthan,Red,Wheat,7.9,4,32,"Superphosphate, Lime",51,54.8,37.9,0,0
Punjab,Chalky,Sugarcane,5.3,5,26,"Gypsum, Ammonium Sulphate",158.7,69.5,84.4,0,28.3
Madhya Pradesh,Alluvial,Cotton,7.9,7,18,"Green manure, Phosphate",124.1,49.1,64.5,0,20
Haryana,Chalky,Sugarcane,6.1,6,23,"Gypsum, Ammonium Sulphate",159.4,68.1,89.5,0,37.9
Bihar,Clay,Cotton,6.4,9,28,"Cow dung, Potash",140,42.5,65.8,0,22.6
Punjab,Loamy,Rice,7.4,9,34,"Gypsum, Ammonium Sulphate",126.4,60.1,57.2,19.6,0
Haryana,Loamy,Maize,5.5,13,33,"Cow dung, Potash",42.8,16.1,4.9,0,0
Uttar Pradesh,Chalky,Tea,7.7,14,34,"Neem cake, Rock phosphate",149.6,41.2,57.9,0,0
Maharashtra,Sandy,Barley,7.6,9,34,"Gypsum, Ammonium Sulphate",41.1,23.4,33.6,0,0
Punjab,Clay,Millet,7.2,8,23,"Bone Meal, Urea",49.1,22.3,37.5,0,0
Kerala,Alluvial,Rice,7.7,13,34,"Green manure, Phosphate",159.9,50.9,54,19.2,0
Tamil Nadu,Chalky,Pulses,6.5,6,20,"Green manure, Phosphate",28.5,42.4,23.7,9.5,14.9
Rajasthan,Chalky,Millet,5.8,3,18,"Cow dung, Potash",45.9,26.2,21.4,0,0
Maharashtra,Black,Pulses,5.4,7,32,"Potash, Farmyard Manure",27.6,58.7,26.9,8.3,15
Tamil Nadu,Saline,Barley,5,9,34,"Gypsum, Ammonium Sulphate",73.2,36,27.2,0,0
Uttar Pradesh,Sandy,Millet,6.8,4,20,"Bone Meal, Urea",44.5,29.3,23.7,0,0
Punjab,Laterite,Groundnut,7.6,3,28,"Vermicompost, Bio-fertilizers",25.4,45.8,68.3,6.3,21.8
Gujarat,Black,Sugarcane,7.6,12,19,"Neem cake, Rock phosphate",248.2,76.1,64.5,0,28.9
Rajasthan,Loamy,Cotton,7.5,8,25,"Compost, NPK",117.4,37.2,78.4,0,27.4
Punjab,Chalky,Cotton,6.6,11,19,"Superphosphate, Lime",141.3,46.3,48.1,0,29
Bihar,Chalky,Wheat,8,11,18,"Bone Meal, Urea",65.4,47.1,30.2,0,0
Uttar Pradesh,Alluvial,Tea,7.6,6,34,"Bone Meal, Urea",193.3,56.3,58.1,0,0
Bihar,Saline,Cotton,6.7,10,29,"Potash, Farmyard Manure",123.8,41.1,75.4,0,26.8
Kerala,Alluvial,Tea,6.3,3,29,"Bone Meal, Urea",185.3,40.7,60.1,0,0
Tamil Nadu,Loamy,Maize,5.8,14,20,"Bone Meal, Urea",49.2,17.6,5,0,0
Uttar Pradesh,Laterite,Millet,7.6,4,23,"Cow dung, Potash",57.7,22.9,34.9,0,0
Bihar,Sandy,Cotton,7.8,14,21,"Bone Meal, Urea",144.3,58.5,53.4,0,23.6
Kerala,Sandy,Cotton,5.5,8,21,"Compost, NPK",86.2,59.5,51,0,27.1
Bihar,Loamy,Groundnut,5.6,4,22,"Green manure, Phosphate",18,41.7,50.9,7.2,25.5
Maharashtra,Clay,Wheat,5.2,6,26,"Green manure, Phosphate",172.7,49.8,32,0,0
Tamil Nadu,Red,Tea,5.9,12,27,"Green manure, Phosphate",141.7,59.9,47,0,0
Bihar,Laterite,Sugarcane,6.5,14,33,"Vermicompost, Bio-fertilizers",183.7,82.4,63.1,0,29
Haryana,Laterite,Barley,7,6,24,"Cow dung, Potash",68.5,35.8,25.6,0,0
Rajasthan,Saline,Pulses,6.8,7,26,"Urea, DAP",22.3,44.3,27.4,5.1,10.6
Uttar Pradesh,Loamy,Rice,6.4,4,21,"Green manure, Phosphate",162.2,67.4,55.2,21.6,0
Punjab,Peaty,Pulses,5.4,11,27,"Superphosphate, Lime",20.9,51,26.6,9.6,18
Tamil Nadu,Loamy,Pulses,5.9,11,34,"Neem cake, Rock phosphate",34.8,58.4,24.1,6.7,17.9
Uttar Pradesh,Saline,Rice,5.4,7,25,"Urea, DAP",192.1,69.2,42.3,21.5,0
Bihar,Clay,Wheat,5.6,8,24,"Urea, DAP",172.8,46.3,39.6,0,0
Uttar Pradesh,Saline,Maize,6.2,5,29,"Gypsum, Ammonium Sulphate",52.8,22.6,4.9,0,0
Tamil Nadu,Clay,Barley,6.6,9,19,"Gypsum, Ammonium Sulphate",52.6,25.8,38.9,0,0
Maharashtra,Chalky,Sugarcane,7.9,8,18,"Vermicompost, Bio-fertilizers",156.8,85.2,119.1,0,34.4
Punjab,Alluvial,Cotton,5.1,3,20,"Superphosphate, Lime",147,41.4,69.5,0,29.3
Madhya Pradesh,Saline,Millet,6.6,14,24,"Compost, NPK",51.4,27.1,38.7,0,0
Uttar Pradesh,Sandy,Sugarcane,5.2,5,19,"Urea, DAP",247.7,65.8,74.4,0,21
Madhya Pradesh,Laterite,Cotton,5.6,6,34,"Compost, NPK",97.6,33.5,41.5,0,23.7
Kerala,Peaty,Barley,6.5,7,35,"Potash, Farmyard Manure",49,31.5,20.3,0,0
Rajasthan,Sandy,Pulses,5.3,11,34,"Potash, Farmyard Manure",37.8,43.6,21.1,7,14.4
Rajasthan,Sandy,Groundnut,7,5,29,"Compost, NPK",16,49.1,78.2,8.1,28.2
Punjab,Sandy,Rice,6.5,8,33,"Cow dung, Potash",152.4,67.7,54.3,23.3,0
Uttar Pradesh,Clay,Wheat,7.7,6,35,"Compost, NPK",107.8,50.3,35.3,0,0
Maharashtra,Chalky,Pulses,8,9,29,"Gypsum, Ammonium Sulphate",27.3,56.5,28,9.1,18.6
Madhya Pradesh,Alluvial,Tea,6.2,4,30,"Urea, DAP",113.7,48.2,68.1,0,0
Haryana,Laterite,Barley,6.7,14,31,"Potash, Farmyard Manure",43.6,29.3,20,0,0
Haryana,Peaty,Wheat,7,10,19,"Urea, DAP",177.6,55.5,36.7,0,0
Uttar Pradesh,Alluvial,Rice,5.5,10,27,"Potash, Farmyard Manure",143.3,55.3,49.5,15.5,0
Gujarat,Chalky,Pulses,7.5,3,18,"Urea, DAP",22.7,58.9,29.2,8.3,15
Madhya Pradesh,Chalky,Wheat,5.6,14,18,"Compost, NPK",128.1,45.6,30.6,0,0
Kerala,Chalky,Rice,5.1,8,26,"Green manure, Phosphate",195,65.5,45.8,22.1,0
Bihar,Red,Maize,7.9,11,24,"Neem cake, Rock phosphate",45.5,15.1,4.9,0,0
Rajasthan,Saline,Barley,7.7,8,29,"Gypsum, Ammonium Sulphate",43.1,39.3,29.4,0,0
Gujarat,Saline,Pulses,6.8,10,18,"Bone Meal, Urea",21.8,42.6,22.7,9.6,17.2
Kerala,Red,Wheat,6,11,30,"Compost, NPK",169.1,57.8,40,0,0
Tamil Nadu,Saline,Tea,6,13,18,"Urea, DAP",116.8,57.4,43.2,0,0
Punjab,Black,Cotton,5.3,8,30,"Neem cake, Rock phosphate",81,57.3,66.7,0,21.9
Haryana,Sandy,Sugarcane,6.7,12,28,"Potash, Farmyard Manure",225,85.9,76.2,0,26.4
Maharashtra,Red,Groundnut,7,4,18,"Neem cake, Rock phosphate",15.8,59.9,57.3,7.2,20.9
Gujarat,Peaty,Wheat,6.2,13,33,"Superphosphate, Lime",68.3,47.3,33.8,0,0
Punjab,Loamy,Pulses,7.8,7,22,"Cow dung, Potash",38.9,59.9,27,8.2,19.1
Rajasthan,Saline,Cotton,5.2,9,34,"Compost, NPK",130.4,36.3,61.3,0,21.9
Haryana,Sandy,Tea,7.9,4,35,"Vermicompost, Bio-fertilizers",111.9,44.8,67.5,0,0
Maharashtra,Red,Rice,7.2,14,19,"Cow dung, Potash",171.5,52.3,56.4,15.2,0
Punjab,Laterite,Wheat,6.8,15,32,"Gypsum, Ammonium Sulphate",134.1,54.1,35.5,0,0
Punjab,Clay,Groundnut,5.8,6,33,"Neem cake, Rock phosphate",14.6,56.5,58,8,27.1
Uttar Pradesh,Alluvial,Wheat,5.9,6,26,"Compost, NPK",72.7,47.8,38.4,0,0
Tamil Nadu,Clay,Pulses,5.7,6,21,"Urea, DAP",25.8,48.5,28,7.3,10.9
Kerala,Clay,Groundnut,7,11,22,"Neem cake, Rock phosphate",22.1,59.6,69.7,9.9,24.6
Haryana,Saline,Cotton,5.9,4,35,"Compost, NPK",136.6,51.5,59.1,0,22.7
Gujarat,Chalky,Millet,7.9,3,28,"Green manure, Phosphate",54.1,21.6,31.4,0,0
Rajasthan,Loamy,Pulses,6.8,14,18,"Cow dung, Potash",19,46.6,23,7.1,17
Rajasthan,Alluvial,Sugarcane,6.7,12,25,"Potash, Farmyard Manure",220.1,86.6,72.4,0,38.2
Tamil Nadu,Alluvial,Pulses,7.2,3,29,"Bone Meal, Urea",34.4,58.8,21.2,7.9,15.5
Bihar,Loamy,Maize,7.3,3,20,"Green manure, Phosphate",59.4,18.9,4.5,0,0
Maharashtra,Chalky,Pulses,5.7,8,27,"Green manure, Phosphate",32.6,43.9,24.5,8.7,17.6
Punjab,Loamy,Groundnut,6.5,12,25,"Neem cake, Rock phosphate",13,57.7,65.7,9.4,22.1
Kerala,Black,Tea,7.7,7,30,"Green manure, Phosphate",194,48.6,58.9,0,0
Madhya Pradesh,Saline,Rice,6.9,9,22,"Superphosphate, Lime",131.6,54.5,40.1,20.9,0
Haryana,Peaty,Wheat,6.6,15,32,"Urea, DAP",161.8,56.1,37.7,0,0
Madhya Pradesh,Black,Rice,5.3,6,31,"Green manure, Phosphate",172.9,53.7,58.2,16.6,0
Haryana,Peaty,Rice,6.2,4,20,"Neem cake, Rock phosphate",122.6,58.8,58.1,17.2,0
Uttar Pradesh,Alluvial,Barley,7.6,6,30,"Bone Meal, Urea",58.8,25.8,26.1,0,0
Maharashtra,Black,Barley,8,6,26,"Superphosphate, Lime",63.3,29.1,39.3,0,0
Madhya Pradesh,Laterite,Barley,6,11,27,"Cow dung, Potash",69.1,34.9,22.2,0,0
Maharashtra,Chalky,Tea,7.7,4,35,"Vermicompost, Bio-fertilizers",169.5,48,67.2,0,0
Bihar,Saline,Tea,5.7,9,30,"Bone Meal, Urea",172.1,41.1,46.9,0,0
Madhya Pradesh,Sandy,Millet,5.8,12,34,"Cow dung, Potash",45.4,25.9,39.9,0,0
Gujarat,Red,Pulses,7.9,3,21,"Vermicompost, Bio-fertilizers",35.4,57.8,23.5,9.3,14.7
Bihar,Black,Barley,5.4,12,25,"Urea, DAP",70.1,27.7,35.4,0,0
Kerala,Red,Maize,5.4,14,22,"Urea, DAP",48.7,20.5,4.5,0,0
Uttar Pradesh,Chalky,Tea,7.9,10,26,"Gypsum, Ammonium Sulphate",176.2,47.1,60,0,0
Madhya Pradesh,Laterite,Pulses,6.4,8,32,"Superphosphate, Lime",38.4,55.3,23.7,6.3,13.9
Maharashtra,Loamy,Cotton,6.8,5,18,"Potash, Farmyard Manure",89.6,57.5,72.9,0,21.6
Tamil Nadu,Laterite,Rice,7.9,10,34,"Cow dung, Potash",188.3,65.5,41.3,20.9,0
Kerala,Red,Cotton,6.3,4,30,"Green manure, Phosphate",79.4,59.4,79.9,0,21.2
Madhya Pradesh,Laterite,Rice,7.3,14,26,"Green manure, Phosphate",191.8,61.9,42.6,22.2,0
Punjab,Sandy,Rice,5.5,13,24,"Superphosphate, Lime",170,52.4,60,19.4,0
Bihar,Alluvial,Cotton,7.3,6,28,"Gypsum, Ammonium Sulphate",86.5,41.1,77.3,0,25.7
Gujarat,Sandy,Millet,5.3,3,33,"Vermicompost, Bio-fertilizers",51.2,20.2,36.9,0,0
Maharashtra,Red,Wheat,7.6,10,20,"Bone Meal, Urea",117.7,56.6,35.6,0,0
Kerala,Red,Cotton,7.1,15,20,"Green manure, Phosphate",74.5,58.4,79.8,0,20.6
Kerala,Clay,Cotton,6.6,6,24,"Vermicompost, Bio-fertilizers",77,49.7,53,0,23.6
Haryana,Peaty,Tea,7.2,10,23,"Superphosphate, Lime",134.7,52.9,50.1,0,0
Tamil Nadu,Black,Wheat,7.4,14,30,"Urea, DAP",172.1,53.5,36.8,0,0
Uttar Pradesh,Black,Tea,5.3,10,28,"Compost, NPK",148.1,51.1,65.2,0,0
Rajasthan,Red,Sugarcane,7.2,13,25,"Compost, NPK",249.5,64.8,89.4,0,33.7
Haryana,Red,Wheat,6.1,6,31,"Gypsum, Ammonium Sulphate",173.3,47.6,32,0,0
Kerala,Chalky,Pulses,8,4,31,"Vermicompost, Bio-fertilizers",37,53.8,24.4,5.5,19
Maharashtra,Chalky,Rice,7.5,6,21,"Cow dung, Potash",187.6,56.1,57.3,23.7,0
Madhya Pradesh,Loamy,Maize,7,5,32,"Neem cake, Rock phosphate",53.8,15.6,4.8,0,0
Uttar Pradesh,Laterite,Pulses,7.9,13,28,"Gypsum, Ammonium Sulphate",28.1,41.1,22.8,8.6,13.9
Haryana,Laterite,Wheat,5.8,10,23,"Vermicompost, Bio-fertilizers",103.9,55.3,35.4,0,0
Punjab,Red,Maize,5.9,3,24,"Neem cake, Rock phosphate",47.2,21.6,5,0,0
Haryana,Sandy,Millet,7.1,9,34,"Green manure, Phosphate",53.6,25.9,20,0,0
Punjab,Black,Millet,7.6,5,35,"Gypsum, Ammonium Sulphate",59.4,25.1,21.3,0,0
Tamil Nadu,Alluvial,Maize,6.4,6,21,"Vermicompost, Bio-fertilizers",41,24.6,4.6,0,0
Kerala,Peaty,Groundnut,6.9,9,34,"Superphosphate, Lime",29.8,57.5,48.4,8.7,29
Rajasthan,Red,Barley,5.9,6,27,"Urea, DAP",57.1,24.3,38.5,0,0
Bihar,Laterite,Wheat,6,3,25,"Cow dung, Potash",121.1,47.9,35.9,0,0
Tamil Nadu,Black,Sugarcane,6.9,8,21,"Compost, NPK",170.9,67.4,70.9,0,27.4
Rajasthan,Laterite,Millet,5.5,5,18,"Potash, Farmyard Manure",50.4,21.1,23.6,0,0
Haryana,Sandy,Pulses,5.4,5,19,"Urea, DAP",31.1,53.8,22.8,8.9,13.2
Madhya Pradesh,Alluvial,Pulses,7.4,11,27,"Potash, Farmyard Manure",18.6,52.8,25.5,9.3,10.3
Punjab,Black,Cotton,7.3,4,32,"Compost, NPK",109.2,33.3,40.8,0,23.7
Kerala,Saline,Wheat,5.6,10,31,"Green manure, Phosphate",84.6,45.6,33.3,0,0
Madhya Pradesh,Clay,Rice,7.5,5,29,"Green manure, Phosphate",128.7,52.5,56.6,14,0
Tamil Nadu,Black,Rice,7,11,23,"Urea, DAP",181.9,55.2,57,15.8,0
Kerala,Alluvial,Cotton,6,8,18,"Vermicompost, Bio-fertilizers",108.1,41.2,73.7,0,28.6
Bihar,Saline,Millet,6.2,10,32,"Bone Meal, Urea",52.5,29.7,20.7,0,0
Tamil Nadu,Alluvial,Pulses,7.7,10,25,"Cow dung, Potash",32.2,45.5,23.5,7.4,17.2
Kerala,Laterite,Sugarcane,5.1,3,23,"Superphosphate, Lime",244.7,69.7,63.5,0,27.1
Punjab,Clay,Barley,7.8,4,20,"Potash, Farmyard Manure",43,29.5,25.7,0,0
Gujarat,Saline,Groundnut,8,13,32,"Cow dung, Potash",26.6,47.8,76.7,6.7,26.2
Bihar,Loamy,Rice,7.4,14,23,"Neem cake, Rock phosphate",163.3,62.2,47.3,13.1,0
Tamil Nadu,Black,Cotton,5.4,15,27,"Potash, Farmyard Manure",126.5,34.8,62.8,0,25.6
Tamil Nadu,Saline,Millet,5.2,15,27,"Vermicompost, Bio-fertilizers",59.7,29.9,34.8,0,0
Gujarat,Clay,Millet,5.5,6,26,"Potash, Farmyard Manure",47.7,27.6,25,0,0
Tamil Nadu,Red,Maize,5.4,13,31,"Urea, DAP",53.4,19.1,4.6,0,0
Haryana,Red,Wheat,6.3,10,29,"Neem cake, Rock phosphate",117.7,50.6,39.9,0,0
Gujarat,Black,Rice,7.6,11,33,"Cow dung, Potash",123.6,66.6,55,15.7,0
Maharashtra,Loamy,Groundnut,5.7,4,19,"Compost, NPK",26.2,47.6,61.7,9.1,20
Tamil Nadu,Black,Pulses,7,11,23,"Gypsum, Ammonium Sulphate",37.5,50.7,21.5,6.3,19
Tamil Nadu,Black,Wheat,7.4,14,33,"Bone Meal, Urea",171.6,50.1,31.4,0,0
Gujarat,Loamy,Tea,7.7,8,35,"Superphosphate, Lime",138.7,56.5,73.5,0,0
Haryana,Laterite,Tea,6.4,6,18,"Vermicompost, Bio-fertilizers",139.7,54.1,46.9,0,0
Bihar,Clay,Maize,6.7,10,32,"Vermicompost, Bio-fertilizers",54.9,23.8,4.4,0,0
Maharashtra,Red,Tea,6.6,15,23,"Compost, NPK",173.9,43.5,55.6,0,0
Punjab,Black,Sugarcane,5.1,7,26,"Vermicompost, Bio-fertilizers",231.1,89.4,101.2,0,37.7
Tamil Nadu,Laterite,Millet,7.2,7,26,"Vermicompost, Bio-fertilizers",40.3,25.9,27,0,0
Punjab,Alluvial,Sugarcane,5.7,13,28,"Compost, NPK",234.2,86.8,109.9,0,31.2
Tamil Nadu,Chalky,Pulses,6.6,6,34,"Superphosphate, Lime",24,44.6,20.7,6,14.5
Uttar Pradesh,Loamy,Tea,7.2,9,25,"Gypsum, Ammonium Sulphate",132.1,55.8,77.6,0,0
Uttar Pradesh,Black,Rice,5.4,10,18,"Potash, Farmyard Manure",128.6,50.5,53,21.9,0
Bihar,Clay,Millet,7.3,9,19,"Bone Meal, Urea",42.2,25.6,26,0,0
Gujarat,Chalky,Cotton,5.1,10,26,"Bone Meal, Urea",70.2,51.7,53.1,0,24.6
Kerala,Alluvial,Tea,7.9,13,29,"Cow dung, Potash",116.4,51.3,62.3,0,0
Bihar,Chalky,Maize,7.1,10,18,"Urea, DAP",43.5,24,4.7,0,0
Kerala,Chalky,Groundnut,5.1,5,27,"Gypsum, Ammonium Sulphate",19.9,41.6,64.6,6.6,22
Maharashtra,Saline,Sugarcane,5.1,7,23,"Bone Meal, Urea",204.2,76.2,95.6,0,32.9
Maharashtra,Saline,Millet,7.2,4,25,"Cow dung, Potash",49.2,25.5,23.5,0,0
Uttar Pradesh,Sandy,Maize,7.2,15,35,"Cow dung, Potash",46.6,27.3,4.1,0,0
Kerala,Loamy,Wheat,5.9,13,22,"Urea, DAP",103.8,48.9,38.5,0,0
Tamil Nadu,Saline,Cotton,6,11,27,"Gypsum, Ammonium Sulphate",103.5,44.7,51.8,0,28.3
Madhya Pradesh,Red,Pulses,6.8,13,32,"Cow dung, Potash",16.9,54.9,28.1,9.8,15.9
Gujarat,Black,Wheat,6.1,11,27,"Cow dung, Potash",70.6,49,31.1,0,0
Bihar,Chalky,Cotton,7.8,14,29,"Neem cake, Rock phosphate",90.9,49,60.5,0,26.3
Haryana,Loamy,Barley,6,11,25,"Green manure, Phosphate",72.8,34.1,39.8,0,0
Tamil Nadu,Loamy,Sugarcane,5.2,8,28,"Gypsum, Ammonium Sulphate",175.3,89.8,65.7,0,29.9
Bihar,Laterite,Wheat,6.1,10,31,"Vermicompost, Bio-fertilizers",184.2,52.5,39.3,0,0
Bihar,Black,Groundnut,5.4,10,28,"Potash, Farmyard Manure",25.3,54.6,63.4,9.2,20.4
Uttar Pradesh,Saline,Barley,7.2,13,21,"Compost, NPK",57.6,25.7,20.7,0,0
Uttar Pradesh,Peaty,Cotton,7,11,32,"Cow dung, Potash",101,41.4,78.4,0,26.5
Rajasthan,Clay,Pulses,7.5,5,32,"Gypsum, Ammonium Sulphate",29.2,59.6,26.1,9.3,11.1
Tamil Nadu,Alluvial,Maize,8,15,28,"Potash, Farmyard Manure",49.5,18.7,4.2,0,0
Uttar Pradesh,Black,Sugarcane,5.8,15,28,"Cow dung, Potash",228.5,78.8,112.2,0,29.1
Maharashtra,Black,Groundnut,6.4,13,26,"Cow dung, Potash",25.8,55.1,66.7,9,23.6
Madhya Pradesh,Loamy,Maize,7,9,21,"Vermicompost, Bio-fertilizers",50.1,25.7,4.4,0,0
Kerala,Peaty,Pulses,7.1,5,24,"Potash, Farmyard Manure",39.3,52.6,24.7,5.2,13.1
Punjab,Chalky,Maize,5.5,13,20,"Superphosphate, Lime",50.7,19.1,4.8,0,0
Bihar,Peaty,Wheat,7.9,12,33,"Vermicompost, Bio-fertilizers",99.1,58.9,39.8,0,0
Tamil Nadu,Saline,Millet,7.4,15,31,"Gypsum, Ammonium Sulphate",42.9,22.8,22.1,0,0
Rajasthan,Red,Millet,6.5,12,31,"Neem cake, Rock phosphate",42.1,28.3,35.1,0,0
Haryana,Clay,Sugarcane,6.2,9,35,"Urea, DAP",192.1,77.2,85.7,0,26.9
Haryana,Laterite,Pulses,5.7,8,22,"Cow dung, Potash",20.3,59.1,24.3,9.7,15.1
Tamil Nadu,Laterite,Cotton,6.7,4,21,"Cow dung, Potash",77.7,42,50.7,0,25.2
Madhya Pradesh,Sandy,Maize,6.3,14,25,"Compost, NPK",42.6,25.8,4.4,0,0
Kerala,Laterite,Maize,5.8,14,29,"Superphosphate, Lime",44.6,26.3,4.9,0,0
Gujarat,Laterite,Sugarcane,7.4,12,21,"Cow dung, Potash",154.9,68.2,80.5,0,37.6
Madhya Pradesh,Saline,Tea,6.9,10,33,"Compost, NPK",188.6,47.1,44.7,0,0
Tamil Nadu,Alluvial,Wheat,5.8,5,22,"Bone Meal, Urea",87,55.3,34.3,0,0
Gujarat,Loamy,Pulses,7.9,14,24,"Urea, DAP",29.2,41.3,22.4,8.5,14.9
Gujarat,Alluvial,Pulses,5.3,4,25,"Vermicompost, Bio-fertilizers",36.2,43.3,21.7,9.8,15.8
Uttar Pradesh,Alluvial,Groundnut,7.9,12,29,"Potash, Farmyard Manure",21.8,41.4,51.8,5.9,22.3
Bihar,Alluvial,Groundnut,7.8,8,27,"Urea, DAP",23.2,40.1,57.4,8.1,24.6
Gujarat,Alluvial,Sugarcane,5.8,9,31,"Cow dung, Potash",201.7,88.7,74.5,0,23.7
Maharashtra,Saline,Groundnut,5.1,9,34,"Compost, NPK",11.9,46.3,59.6,6.8,24.8
Gujarat,Laterite,Wheat,7.6,12,23,"Bone Meal, Urea",63.8,46.3,31.1,0,0
Rajasthan,Laterite,Tea,5.3,7,18,"Urea, DAP",142.9,53,77,0,0
Uttar Pradesh,Saline,Tea,5.4,11,24,"Potash, Farmyard Manure",102.9,53.9,44.5,0,0
Maharashtra,Black,Pulses,6.3,11,29,"Urea, DAP",36.9,40.6,28.6,8.1,18.1
Maharashtra,Laterite,Tea,7.8,6,25,"Bone Meal, Urea",140.2,54.7,55.1,0,0
Madhya Pradesh,Saline,Sugarcane,6.3,15,19,"Urea, DAP",163.5,74.8,90.3,0,24.2
Tamil Nadu,Saline,Pulses,5.9,8,21,"Gypsum, Ammonium Sulphate",29.8,40.1,28.2,7.6,10.3
Gujarat,Loamy,Millet,5.6,12,35,"Gypsum, Ammonium Sulphate",41.6,23.5,39.5,0,0
Uttar Pradesh,Clay,Sugarcane,5.2,4,31,"Vermicompost, Bio-fertilizers",236.3,68.2,97.7,0,35
Kerala,Sandy,Tea,7.7,3,33,"Compost, NPK",116,53.1,57.5,0,0
Madhya Pradesh,Loamy,Rice,6.2,4,21,"Gypsum, Ammonium Sulphate",190,53,51.1,15.2,0
Tamil Nadu,Red,Cotton,6.6,3,20,"Cow dung, Potash",90.7,35.6,60.7,0,27.6
Bihar,Red,Tea,7.4,14,27,"Compost, NPK",154.2,56.3,77.3,0,0
Bihar,Red,Maize,6.4,3,20,"Neem cake, Rock phosphate",50.3,21.2,4.1,0,0
Kerala,Red,Cotton,5.6,5,27,"Urea, DAP",136.2,52.8,73.4,0,20.4
Uttar Pradesh,Alluvial,Sugarcane,7.6,7,29,"Cow dung, Potash",164.2,83.6,110.4,0,23.4
Madhya Pradesh,Sandy,Sugarcane,5.8,10,18,"Superphosphate, Lime",228.8,70.8,84.4,0,30.1
Maharashtra,Sandy,Barley,6.6,12,20,"Compost, NPK",62.3,20.9,27.8,0,0
Tamil Nadu,Sandy,Barley,6,12,30,"Superphosphate, Lime",44.5,35.8,20.2,0,0
Bihar,Saline,Sugarcane,7,4,27,"Potash, Farmyard Manure",163.7,83.1,103.8,0,27.8
Haryana,Sandy,Sugarcane,5.2,3,29,"Compost, NPK",221.4,65.9,76.9,0,31.1
Tamil Nadu,Sandy,Groundnut,7.8,11,27,"Urea, DAP",16.7,49.7,43.1,5.6,21
Haryana,Red,Sugarcane,6,15,29,"Cow dung, Potash",244.1,76,91.6,0,20.1
Uttar Pradesh,Black,Cotton,5.8,14,32,"Cow dung, Potash",146.7,40.1,68.7,0,23.9
Uttar Pradesh,Loamy,Groundnut,6.3,8,21,"Bone Meal, Urea",15.9,56.9,43.4,10,20.3
Bihar,Laterite,Barley,5.5,12,23,"Compost, NPK",47.3,33.2,23.6,0,0
Tamil Nadu,Clay,Groundnut,6.9,15,19,"Gypsum, Ammonium Sulphate",10.9,57.5,67.8,6.1,28.7
Tamil Nadu,Loamy,Rice,7.3,13,20,"Urea, DAP",174.6,58.1,44.1,17.6,0
Kerala,Loamy,Cotton,7.1,4,30,"Gypsum, Ammonium Sulphate",102.6,37.9,77.5,0,27.5
Bihar,Peaty,Millet,6.6,9,21,"Bone Meal, Urea",44,20.9,34.5,0,0
Haryana,Loamy,Barley,6.9,11,25,"Green manure, Phosphate",67,30.3,26.8,0,0
Bihar,Laterite,Sugarcane,6.6,8,28,"Potash, Farmyard Manure",201.2,64.8,113.6,0,20.1
Bihar,Peaty,Cotton,7.1,6,24,"Cow dung, Potash",74.4,44.8,79.1,0,24.2
Haryana,Clay,Tea,6.7,9,34,"Superphosphate, Lime",180.1,58.8,56.3,0,0
Haryana,Laterite,Cotton,6.9,3,24,"Bone Meal, Urea",129.7,57,48.1,0,28.4
Kerala,Loamy,Tea,5.5,8,28,"Bone Meal, Urea",153.5,56.8,60,0,0
Punjab,Black,Tea,7.5,5,35,"Vermicompost, Bio-fertilizers",161,43,65.4,0,0
Kerala,Peaty,Millet,5.7,13,26,"Bone Meal, Urea",49.4,28.3,38.8,0,0
Haryana,Sandy,Maize,5.4,12,24,"Superphosphate, Lime",43.6,19.8,4,0,0
Rajasthan,Red,Rice,7.7,5,20,"Cow dung, Potash",189,67.6,48.3,18.6,0
Punjab,Chalky,Pulses,6.5,15,19,"Potash, Farmyard Manure",33.7,59.7,28.5,7.7,15.5
Haryana,Saline,Barley,6.2,6,18,"Vermicompost, Bio-fertilizers",77.9,21.2,28.3,0,0
Madhya Pradesh,Sandy,Millet,7.4,11,33,"Urea, DAP",47.6,25.6,25.8,0,0
Maharashtra,Alluvial,Maize,5.9,14,20,"Urea, DAP",56.4,18.6,4.1,0,0
Madhya Pradesh,Saline,Barley,6.1,11,18,"Urea, DAP",56.8,33.8,27.1,0,0
Maharashtra,Red,Pulses,6.4,7,35,"Gypsum, Ammonium Sulphate",19.7,55.1,26.4,5.5,11.7
Haryana,Laterite,Wheat,5.5,9,19,"Potash, Farmyard Manure",143.1,58.4,32.5,0,0
Uttar Pradesh,Alluvial,Sugarcane,7.1,14,27,"Vermicompost, Bio-fertilizers",213.1,87.6,67.7,0,32.3
Uttar Pradesh,Peaty,Barley,5.3,10,29,"Bone Meal, Urea",62.4,21,32.3,0,0
Madhya Pradesh,Alluvial,Wheat,5.5,14,24,"Green manure, Phosphate",118.5,59.1,33.2,0,0
Rajasthan,Alluvial,Sugarcane,6.5,6,34,"Green manure, Phosphate",150.6,70.6,73.7,0,32.9
Punjab,Peaty,Pulses,7,8,29,"Cow dung, Potash",24,53.2,23,7.5,20
Bihar,Saline,Millet,6.6,8,24,"Green manure, Phosphate",41.2,20,36.2,0,0
Tamil Nadu,Chalky,Rice,7.1,3,31,"Neem cake, Rock phosphate",127.5,66.5,49,14.6,0
Tamil Nadu,Sandy,Millet,6.1,15,34,"Gypsum, Ammonium Sulphate",59.7,25.8,32.8,0,0
Tamil Nadu,Red,Cotton,6.5,7,23,"Vermicompost, Bio-fertilizers",134,43.1,79.5,0,25.9
Rajasthan,Loamy,Groundnut,6.7,11,31,"Neem cake, Rock phosphate",13.4,44.9,72.4,6.8,23.4
Maharashtra,Chalky,Cotton,6.1,7,18,"Neem cake, Rock phosphate",89.3,40.8,42.4,0,26
Rajasthan,Laterite,Sugarcane,5.8,8,28,"Urea, DAP",208.9,73.8,87.9,0,28.9
Maharashtra,Chalky,Cotton,6.7,5,31,"Bone Meal, Urea",87.1,58.5,45.9,0,24.6
Tamil Nadu,Loamy,Groundnut,6.6,11,30,"Superphosphate, Lime",25.3,51.6,52.7,5.5,23.7
Bihar,Chalky,Tea,5.4,14,35,"Green manure, Phosphate",133.9,48,49.6,0,0
Punjab,Laterite,Millet,5.3,3,26,"Superphosphate, Lime",41.5,27.1,32.4,0,0
Kerala,Black,Wheat,7,8,33,"Potash, Farmyard Manure",102.8,50.1,33.7,0,0
Tamil Nadu,Black,Sugarcane,5.4,12,27,"Vermicompost, Bio-fertilizers",182.9,69,106.9,0,22.5
Maharashtra,Black,Cotton,5.8,10,35,"Compost, NPK",108.6,59.5,69.8,0,29.1
Tamil Nadu,Black,Tea,7.4,4,23,"Superphosphate, Lime",119.3,42.8,48,0,0
Kerala,Black,Cotton,6.4,15,27,"Superphosphate, Lime",117.6,53.7,64.2,0,21.8
Rajasthan,Red,Groundnut,7.2,4,26,"Gypsum, Ammonium Sulphate",14.4,47.1,69.8,8.1,20.8
Rajasthan,Peaty,Millet,6.5,8,35,"Neem cake, Rock phosphate",49,26.7,23.6,0,0
Kerala,Peaty,Pulses,5.7,10,23,"Vermicompost, Bio-fertilizers",30,44,28.2,9,11.9
Kerala,Laterite,Tea,6.3,3,26,"Bone Meal, Urea",184.8,52.3,64,0,0
Madhya Pradesh,Peaty,Wheat,6.8,3,23,"Neem cake, Rock phosphate",171.3,59.9,39.2,0,0
Rajasthan,Peaty,Sugarcane,5.1,14,24,"Superphosphate, Lime",217.9,66,100.6,0,22.3
Kerala,Alluvial,Millet,6.4,5,24,"Vermicompost, Bio-fertilizers",40.2,25.6,38.6,0,0
Haryana,Alluvial,Maize,7.3,11,23,"Superphosphate, Lime",41.3,19.1,4.9,0,0
Kerala,Peaty,Groundnut,7.1,8,27,"Compost, NPK",19.7,54.8,48,6.5,21
Uttar Pradesh,Chalky,Rice,6.3,11,24,"Neem cake, Rock phosphate",177,55.8,40.4,18.4,0
Madhya Pradesh,Alluvial,Tea,6.1,12,35,"Compost, NPK",120,46.4,55.8,0,0
Madhya Pradesh,Laterite,Cotton,6.4,7,31,"Green manure, Phosphate",150,44.4,63.2,0,24.9
Kerala,Clay,Cotton,5.9,13,27,"Urea, DAP",146,32.4,63.8,0,21.7
Haryana,Laterite,Millet,5.3,9,24,"Superphosphate, Lime",54.9,29.7,38.4,0,0
Madhya Pradesh,Black,Rice,7.2,9,20,"Gypsum, Ammonium Sulphate",158.5,60.4,51.1,15.4,0
Punjab,Sandy,Millet,7.4,10,29,"Cow dung, Potash",51,23.1,34.4,0,0
Punjab,Peaty,Wheat,6.2,7,27,"Urea, DAP",82.4,50.1,35.6,0,0
Maharashtra,Loamy,Wheat,7.7,6,23,"Vermicompost, Bio-fertilizers",169.7,52.9,34.7,0,0
Gujarat,Sandy,Barley,5.8,6,22,"Superphosphate, Lime",70.7,20.9,21.7,0,0
Uttar Pradesh,Chalky,Millet,5.2,4,22,"Green manure, Phosphate",58,21.1,38.6,0,0
Maharashtra,Loamy,Groundnut,6.9,6,29,"Neem cake, Rock phosphate",12.8,45.5,72.4,6.2,20.2
Tamil Nadu,Red,Pulses,5.5,6,21,"Potash, Farmyard Manure",21.4,41.3,27.3,9.5,17.9
Uttar Pradesh,Saline,Groundnut,7.5,9,28,"Neem cake, Rock phosphate",27.7,42.6,68.9,8.5,22.9
Madhya Pradesh,Laterite,Cotton,7.1,9,32,"Green manure, Phosphate",71.7,51.5,47.5,0,22.3
Punjab,Black,Groundnut,7.2,7,20,"Gypsum, Ammonium Sulphate",29.3,56.9,57.2,6,29.6
Rajasthan,Sandy,Rice,6.2,12,30,"Neem cake, Rock phosphate",138.3,53.7,58.4,22,0
Rajasthan,Peaty,Millet,5.8,7,25,"Urea, DAP",44.1,26.6,38.9,0,0
Bihar,Clay,Sugarcane,7,3,22,"Compost, NPK",216.3,72.2,102.9,0,39.6
Uttar Pradesh,Black,Rice,5.4,8,19,"Superphosphate, Lime",160,51.4,49,23.5,0
Tamil Nadu,Alluvial,Barley,7.1,11,30,"Gypsum, Ammonium Sulphate",48.3,32,39.7,0,0
Rajasthan,Peaty,Cotton,5.2,11,31,"Neem cake, Rock phosphate",101.1,50,63.9,0,28.3
Maharashtra,Loamy,Wheat,6.8,3,28,"Bone Meal, Urea",150.5,47.9,39.2,0,0
Kerala,Clay,Millet,5.9,15,32,"Compost, NPK",43.1,27.5,24.9,0,0
Gujarat,Red,Wheat,6.8,10,32,"Potash, Farmyard Manure",179.8,53.1,34.2,0,0
Kerala,Laterite,Sugarcane,7.3,15,23,"Cow dung, Potash",189.5,71.8,80,0,39.6
Madhya Pradesh,Chalky,Groundnut,5.2,13,29,"Potash, Farmyard Manure",16.3,50.8,75.9,6.5,25.6
Kerala,Clay,Pulses,7.6,10,28,"Cow dung, Potash",15.2,42.5,23.7,7.9,10.8
Bihar,Laterite,Sugarcane,6.2,11,29,"Green manure, Phosphate",156.2,89.1,73,0,21.3
Uttar Pradesh,Black,Pulses,5.2,5,29,"Green manure, Phosphate",27.9,49.5,23.8,5.9,13.4
Gujarat,Chalky,Wheat,5.5,15,21,"Compost, NPK",138.4,48.2,36,0,0
Punjab,Loamy,Sugarcane,5.9,15,31,"Green manure, Phosphate",165.5,61,71.6,0,30.2
Punjab,Laterite,Wheat,6.6,13,31,"Potash, Farmyard Manure",176.1,50.2,32.5,0,0
Haryana,Laterite,Maize,5.8,4,24,"Urea, DAP",51.7,16.8,4.9,0,0
Haryana,Saline,Groundnut,6.5,3,31,"Cow dung, Potash",22.3,45.7,46.4,9.9,24.2
Punjab,Peaty,Sugarcane,5.1,6,27,"Neem cake, Rock phosphate",245.7,84.7,114.4,0,26.8
Uttar Pradesh,Sandy,Wheat,7.7,6,23,"Potash, Farmyard Manure",146.8,47.5,36.1,0,0
Haryana,Sandy,Pulses,6.2,8,20,"Bone Meal, Urea",38.8,50.4,28.5,9.7,13.4
Uttar Pradesh,Black,Rice,5.8,15,20,"Potash, Farmyard Manure",162.6,65.2,57.9,13.3,0
Uttar Pradesh,Chalky,Maize,7.6,12,35,"Bone Meal, Urea",58,17,4,0,0
Haryana,Clay,Maize,7.5,8,31,"Superphosphate, Lime",60,15.8,4.8,0,0
Maharashtra,Alluvial,Barley,5.9,6,26,"Potash, Farmyard Manure",59.5,25.3,38.3,0,0
Bihar,Laterite,Rice,6.2,12,28,"Neem cake, Rock phosphate",142.7,51.5,59.6,15.6,0
Punjab,Chalky,Maize,7.8,9,29,"Potash, Farmyard Manure",51.9,27.2,4.2,0,0
Haryana,Black,Barley,6.8,15,27,"Potash, Farmyard Manure",64.2,24.7,31,0,0
Maharashtra,Sandy,Millet,8,3,24,"Gypsum, Ammonium Sulphate",43.5,27.4,23.9,0,0
Rajasthan,Peaty,Sugarcane,5.7,9,25,"Bone Meal, Urea",150.4,75.2,74.8,0,21
Punjab,Laterite,Millet,7.9,6,31,"Neem cake, Rock phosphate",52.7,25.2,34.8,0,0
Uttar Pradesh,Laterite,Pulses,5.8,13,23,"Neem cake, Rock phosphate",28.1,45.2,25.6,9.9,10.2
Madhya Pradesh,Laterite,Sugarcane,7.1,15,21,"Green manure, Phosphate",243.1,60.5,80.5,0,26.6
Kerala,Alluvial,Maize,6.9,13,25,"Bone Meal, Urea",42.8,25.1,5,0,0
Maharashtra,Black,Cotton,7,14,30,"Potash, Farmyard Manure",124.5,57.2,54.6,0,30
Haryana,Saline,Cotton,6.7,5,32,"Urea, DAP",107.4,53.8,75,0,25.5
Tamil Nadu,Red,Sugarcane,5.1,10,20,"Cow dung, Potash",226.2,71,90.9,0,33.1
Kerala,Clay,Cotton,7.2,14,27,"Vermicompost, Bio-fertilizers",108.1,46.9,66.3,0,27
Bihar,Black,Tea,5.5,13,21,"Vermicompost, Bio-fertilizers",129.7,44.2,64.6,0,0
Tamil Nadu,Loamy,Cotton,5.6,11,28,"Urea, DAP",133.5,41.7,53.6,0,28.9
Bihar,Saline,Millet,5.7,4,30,"Neem cake, Rock phosphate",49.6,23.7,28.5,0,0
Maharashtra,Red,Pulses,7.6,3,29,"Superphosphate, Lime",20.3,53,29.2,8.7,19.4
Punjab,Saline,Cotton,6.1,10,25,"Gypsum, Ammonium Sulphate",140.4,42.3,54.2,0,30
Tamil Nadu,Chalky,Wheat,7.5,7,31,"Cow dung, Potash",74.7,59.3,35.8,0,0
Gujarat,Chalky,Sugarcane,7.6,7,28,"Neem cake, Rock phosphate",225,77,76.6,0,38.5
Bihar,Sandy,Groundnut,7.9,13,21,"Superphosphate, Lime",10.1,52.4,40.2,9.9,22.7
Punjab,Red,Maize,7.8,13,31,"Neem cake, Rock phosphate",57.7,24.9,4.1,0,0
Punjab,Black,Maize,5.2,5,21,"Cow dung, Potash",54.6,19.9,4.9,0,0
Madhya Pradesh,Laterite,Pulses,5.7,6,21,"Compost, NPK",34.2,52.8,29.7,5,10.1
Gujarat,Saline,Sugarcane,7.9,12,30,"Vermicompost, Bio-fertilizers",190.6,75.5,83.8,0,32.1
Punjab,Laterite,Wheat,6.5,9,21,"Bone Meal, Urea",168.8,48.9,34.8,0,0
Gujarat,Saline,Rice,6,3,22,"Cow dung, Potash",139.7,58.4,47.3,17.1,0
Rajasthan,Saline,Groundnut,6.5,4,30,"Green manure, Phosphate",28.8,56.8,46.1,8.4,24.5
Rajasthan,Laterite,Millet,5.5,7,26,"Vermicompost, Bio-fertilizers",44,20.1,23.2,0,0
Kerala,Chalky,Rice,6.6,14,25,"Cow dung, Potash",142.5,50.8,40.4,14.8,0
Haryana,Sandy,Cotton,5.4,14,20,"Neem cake, Rock phosphate",131.1,56.6,63.5,0,24.7
Gujarat,Clay,Cotton,7.6,10,28,"Superphosphate, Lime",105.1,51.4,43.8,0,27.1
Haryana,Black,Pulses,8,7,21,"Urea, DAP",36.3,55.1,26.7,6.1,10.4
Bihar,Saline,Cotton,7.8,15,29,"Superphosphate, Lime",81.8,41.1,55.7,0,21.6
Punjab,Clay,Groundnut,7.9,3,18,"Cow dung, Potash",23.1,46.4,60.2,5.1,26.7
Haryana,Saline,Rice,5,8,20,"Compost, NPK",168.1,53.8,42.1,13.8,0
Haryana,Chalky,Pulses,6.7,3,29,"Green manure, Phosphate",35.7,48.7,29.6,5.3,10.6
Bihar,Loamy,Maize,6,7,18,"Potash, Farmyard Manure",48.7,24.9,4.5,0,0
Kerala,Clay,Wheat,5.6,3,25,"Potash, Farmyard Manure",184.2,52.7,35.5,0,0
Gujarat,Chalky,Wheat,8,12,32,"Bone Meal, Urea",58.5,56.2,34.3,0,0
Bihar,Black,Tea,7.7,12,27,"Gypsum, Ammonium Sulphate",137.4,57.8,78.4,0,0
Gujarat,Saline,Pulses,7.9,14,29,"Superphosphate, Lime",30.8,42.9,20.3,8.5,17.8
Punjab,Peaty,Pulses,6.1,8,28,"Superphosphate, Lime",17.1,45.6,28.1,6,17.6
Maharashtra,Black,Cotton,7.8,4,28,"Green manure, Phosphate",127.1,52.6,74.7,0,24.1
Uttar Pradesh,Chalky,Pulses,6.8,13,35,"Vermicompost, Bio-fertilizers",37.7,48.2,26.9,5.6,12.3
Rajasthan,Black,Pulses,6.4,4,23,"Vermicompost, Bio-fertilizers",16,52.9,24.3,7.8,15.7
Tamil Nadu,Chalky,Pulses,6.9,10,32,"Superphosphate, Lime",29.1,52.4,29.6,9.4,19.2
Bihar,Peaty,Barley,7.5,13,25,"Potash, Farmyard Manure",44.9,26.1,29.4,0,0
Rajasthan,Laterite,Pulses,8,6,31,"Superphosphate, Lime",33.2,50.9,21.1,9.6,11.1
Haryana,Black,Cotton,5.2,11,19,"Superphosphate, Lime",113.7,55.3,40.5,0,20.8
Punjab,Peaty,Rice,5.3,9,23,"Superphosphate, Lime",134.5,55.5,50.5,21.1,0
Uttar Pradesh,Clay,Millet,6.4,6,18,"Urea, DAP",56,25.5,20.8,0,0
Maharashtra,Saline,Sugarcane,7.6,5,32,"Bone Meal, Urea",181.1,72.8,95,0,37
Haryana,Clay,Barley,6.9,9,35,"Superphosphate, Lime",59.9,28.1,26.8,0,0
Maharashtra,Black,Pulses,5.3,15,23,"Vermicompost, Bio-fertilizers",24.9,40.2,27.8,8.1,13.9
Maharashtra,Peaty,Tea,6.5,6,35,"Green manure, Phosphate",121.2,59.6,41,0,0
Maharashtra,Peaty,Groundnut,7.9,14,31,"Bone Meal, Urea",12.8,48.6,62.3,5,29.6
Gujarat,Laterite,Wheat,5.2,5,18,"Potash, Farmyard Manure",132.7,54,33,0,0
Gujarat,Saline,Pulses,6.5,5,31,"Potash, Farmyard Manure",17,46.4,27.5,6.3,15
Rajasthan,Chalky,Tea,6.2,15,23,"Gypsum, Ammonium Sulphate",193.9,52.7,53.7,0,0
Madhya Pradesh,Loamy,Millet,7.7,4,26,"Neem cake, Rock phosphate",56.8,24.6,27.6,0,0
Rajasthan,Saline,Pulses,5.4,6,22,"Bone Meal, Urea",19.9,48.2,29.9,9.6,17
Rajasthan,Chalky,Millet,7.6,6,23,"Urea, DAP",47.8,25.2,25,0,0
Haryana,Chalky,Tea,6.7,9,30,"Urea, DAP",144.5,57.2,56.1,0,0
Punjab,Loamy,Rice,7.8,4,33,"Urea, DAP",165.5,58.9,55.9,24.5,0
Rajasthan,Clay,Tea,7,14,22,"Potash, Farmyard Manure",134.5,52.6,51.5,0,0
Haryana,Loamy,Cotton,7.7,10,33,"Urea, DAP",109.6,44.1,79.3,0,20.5
Madhya Pradesh,Peaty,Wheat,7,14,28,"Bone Meal, Urea",106.3,47.1,31.4,0,0
Madhya Pradesh,Chalky,Millet,5,4,32,"Potash, Farmyard Manure",49.5,21.4,29.3,0,0
Madhya Pradesh,Chalky,Millet,6.8,13,21,"Compost, NPK",45,23.8,25.9,0,0
Madhya Pradesh,Laterite,Barley,6.8,11,22,"Bone Meal, Urea",43.4,24,26.4,0,0
Kerala,Alluvial,Wheat,5.9,9,20,"Bone Meal, Urea",75.1,45.5,34,0,0
Kerala,Chalky,Wheat,5,11,28,"Bone Meal, Urea",155.9,56.1,30.1,0,0
Haryana,Red,Wheat,5.2,4,28,"Green manure, Phosphate",52.5,53.7,35.5,0,0
Bihar,Clay,Tea,7.2,3,33,"Superphosphate, Lime",162.3,47.9,40.2,0,0
Bihar,Black,Cotton,5.1,14,20,"Vermicompost, Bio-fertilizers",97.8,32.5,57.7,0,27.7
Maharashtra,Chalky,Wheat,7.9,11,26,"Bone Meal, Urea",61.9,49.4,32.6,0,0
Maharashtra,Alluvial,Groundnut,7.4,4,29,"Bone Meal, Urea",15.2,42.6,54.5,5,20.4
Rajasthan,Black,Tea,6.6,12,27,"Green manure, Phosphate",173.7,49.5,43.5,0,0
Kerala,Chalky,Pulses,5.5,4,27,"Urea, DAP",39.3,56.6,28.7,8.6,11.8
Maharashtra,Peaty,Wheat,7.4,10,21,"Compost, NPK",145.9,49,36.1,0,0
Punjab,Alluvial,Maize,6.6,15,31,"Green manure, Phosphate",53.1,20.4,4.4,0,0
Tamil Nadu,Loamy,Cotton,5.1,12,35,"Green manure, Phosphate",76.5,47.4,56.9,0,22.6
Haryana,Peaty,Maize,6.4,12,28,"Compost, NPK",40.2,22.8,4.5,0,0
Haryana,Sandy,Cotton,6,12,27,"Superphosphate, Lime",98.3,33.7,77.9,0,24.8
Bihar,Chalky,Barley,6.2,8,25,"Potash, Farmyard Manure",77.9,35.7,39.7,0,0
Tamil Nadu,Alluvial,Rice,6.6,13,31,"Gypsum, Ammonium Sulphate",158.8,55,54.4,14.5,0
Haryana,Alluvial,Groundnut,6.5,13,21,"Compost, NPK",17.5,52.8,78.2,9.5,26.7
Gujarat,Chalky,Rice,6,4,29,"Potash, Farmyard Manure",127.6,50.3,40.7,17.3,0
Kerala,Laterite,Sugarcane,6.6,10,29,"Superphosphate, Lime",153.2,72.4,61.5,0,21.4
Gujarat,Red,Sugarcane,6.7,8,25,"Superphosphate, Lime",153.3,70.7,117.3,0,22.6
Bihar,Sandy,Tea,7.9,12,20,"Potash, Farmyard Manure",120.5,54.6,71.6,0,0
Haryana,Black,Sugarcane,5,9,21,"Neem cake, Rock phosphate",180.7,82.3,84.8,0,24.8
Rajasthan,Sandy,Cotton,7.8,5,26,"Potash, Farmyard Manure",109.7,40.4,52.9,0,24.8
Rajasthan,Loamy,Groundnut,5.6,15,30,"Urea, DAP",16.9,45,56.8,8.4,22.9
Haryana,Chalky,Wheat,6.1,8,25,"Bone Meal, Urea",122.8,58.2,37.2,0,0
Madhya Pradesh,Clay,Millet,7.9,9,29,"Neem cake, Rock phosphate",44.8,29.3,29,0,0
Maharashtra,Sandy,Rice,6.9,14,32,"Urea, DAP",140.7,65.7,53.3,23.1,0
Rajasthan,Laterite,Millet,5.6,11,25,"Vermicompost, Bio-fertilizers",56.9,26.9,26.1,0,0
Maharashtra,Clay,Wheat,6,9,19,"Urea, DAP",121.2,46.1,38,0,0
Punjab,Saline,Tea,6.1,10,28,"Bone Meal, Urea",146,53,44.9,0,0
Kerala,Alluvial,Tea,6.5,6,21,"Compost, NPK",168.2,48.4,57.7,0,0
Punjab,Loamy,Wheat,7,10,26,"Compost, NPK",160.6,46.8,38.6,0,0
Rajasthan,Saline,Tea,7.5,14,18,"Neem cake, Rock phosphate",193.7,57.4,43.7,0,0
Kerala,Alluvial,Barley,5.9,6,25,"Urea, DAP",55.7,30.7,28.9,0,0
Uttar Pradesh,Alluvial,Sugarcane,6.1,8,25,"Green manure, Phosphate",177.9,89.4,87.8,0,27.9
Madhya Pradesh,Black,Groundnut,7.4,10,27,"Cow dung, Potash",22.2,53.1,66.4,9.7,28.7
Haryana,Red,Barley,6.1,6,23,"Bone Meal, Urea",69.4,33.7,22.5,0,0
Rajasthan,Saline,Cotton,5.1,3,25,"Green manure, Phosphate",93.4,37.2,72.4,0,22.3
Gujarat,Black,Rice,5.3,5,19,"Bone Meal, Urea",165.9,51.1,49.9,18.5,0
Madhya Pradesh,Saline,Pulses,6.4,6,30,"Gypsum, Ammonium Sulphate",32.7,55.3,28,5,19.2
Tamil Nadu,Alluvial,Rice,7,7,25,"Cow dung, Potash",138.3,59.9,41.3,17.2,0
Haryana,Sandy,Pulses,7.6,14,32,"Compost, NPK",32,43.6,29.8,8.1,10.5
Uttar Pradesh,Sandy,Pulses,6.7,14,31,"Vermicompost, Bio-fertilizers",33.8,48,20.1,6.7,11.7
Uttar Pradesh,Peaty,Tea,6.3,11,27,"Superphosphate, Lime",130.1,41.8,44.1,0,0
Maharashtra,Chalky,Sugarcane,7.7,8,21,"Gypsum, Ammonium Sulphate",203.4,87.1,66.3,0,21.9
Bihar,Black,Tea,5.7,13,21,"Compost, NPK",129.8,50.8,58.5,0,0
Tamil Nadu,Laterite,Barley,7.3,9,34,"Green manure, Phosphate",40.9,28.3,25.3,0,0
Kerala,Peaty,Groundnut,5.6,12,27,"Gypsum, Ammonium Sulphate",15.3,59.3,76.1,7.1,21.7
Tamil Nadu,Laterite,Cotton,6.5,7,30,"Compost, NPK",107.5,41.7,76,0,20.9
Punjab,Loamy,Sugarcane,7.2,5,32,"Potash, Farmyard Manure",153.2,86.9,90.1,0,39.1
Rajasthan,Black,Rice,5.2,5,33,"Vermicompost, Bio-fertilizers",189.8,50.4,55.4,13.5,0
Tamil Nadu,Black,Millet,7.6,4,30,"Potash, Farmyard Manure",41.4,21.4,20.7,0,0
Kerala,Peaty,Maize,5.6,6,18,"Gypsum, Ammonium Sulphate",59.3,25,4.4,0,0
Gujarat,Sandy,Wheat,7.3,12,20,"Vermicompost, Bio-fertilizers",51.4,50.5,38.6,0,0
Uttar Pradesh,Peaty,Sugarcane,6.7,10,23,"Potash, Farmyard Manure",161.4,62.4,74.5,0,25.5
Rajasthan,Sandy,Groundnut,6.4,10,23,"Gypsum, Ammonium Sulphate",14.5,44.3,47.7,8.4,28
Kerala,Black,Rice,5.6,4,33,"Gypsum, Ammonium Sulphate",173.1,69.3,58.5,20.7,0
Madhya Pradesh,Chalky,Cotton,5.2,9,21,"Potash, Farmyard Manure",140,49,70.1,0,25.6
Tamil Nadu,Black,Tea,6.9,3,22,"Bone Meal, Urea",199.2,54.9,47.9,0,0
Gujarat,Laterite,Wheat,5.2,9,31,"Superphosphate, Lime",58.3,52.1,34.5,0,0
Maharashtra,Laterite,Groundnut,6.7,9,19,"Neem cake, Rock phosphate",17,55.1,72.8,8.3,23.1
Bihar,Chalky,Maize,7.8,6,24,"Urea, DAP",47.1,25.1,4.9,0,0
Punjab,Laterite,Groundnut,7.6,10,26,"Gypsum, Ammonium Sulphate",22.1,49.9,74,5.6,24.4
Madhya Pradesh,Loamy,Groundnut,6.9,3,22,"Cow dung, Potash",15.7,44.9,79.3,5.1,27.8
Punjab,Red,Barley,5.7,15,20,"Green manure, Phosphate",46.7,36,20.4,0,0
Haryana,Sandy,Barley,6.5,4,30,"Superphosphate, Lime",63.9,33.3,22,0,0
Tamil Nadu,Black,Millet,6.9,5,27,"Neem cake, Rock phosphate",45.3,23.6,36.5,0,0
Tamil Nadu,Laterite,Maize,7.9,12,32,"Cow dung, Potash",55.8,21.1,4,0,0
Uttar Pradesh,Laterite,Tea,7.7,15,25,"Superphosphate, Lime",109.5,54.2,79.3,0,0
Rajasthan,Laterite,Groundnut,7.8,7,30,"Neem cake, Rock phosphate",29.6,55.7,55.4,8.6,26.1
Punjab,Loamy,Wheat,7.5,4,22,"Compost, NPK",168.9,52.3,33,0,0
Maharashtra,Laterite,Pulses,7.7,3,31,"Gypsum, Ammonium Sulphate",20.5,44.5,26.6,9.1,12.5
Madhya Pradesh,Chalky,Cotton,5.4,4,20,"Cow dung, Potash",139.2,59.6,61.5,0,23
Tamil Nadu,Chalky,Wheat,7.8,9,26,"Vermicompost, Bio-fertilizers",181.4,51.5,33.8,0,0
Uttar Pradesh,Chalky,Cotton,6.1,3,23,"Gypsum, Ammonium Sulphate",121.2,48.3,68.7,0,25.3
Gujarat,Laterite,Tea,6.5,12,23,"Compost, NPK",112,46.1,45.9,0,0
Maharashtra,Saline,Barley,6,3,24,"Compost, NPK",71.8,21.7,35.4,0,0
Kerala,Red,Pulses,6.7,14,33,"Potash, Farmyard Manure",38.5,58.8,27.1,7.7,11.8
Madhya Pradesh,Alluvial,Sugarcane,7.3,3,19,"Superphosphate, Lime",155.9,64.3,109.8,0,33.8
Bihar,Peaty,Tea,8,9,32,"Neem cake, Rock phosphate",143.4,47,65,0,0
Gujarat,Sandy,Pulses,8,7,27,"Urea, DAP",25.2,42.2,29.2,7.1,17.2
Kerala,Sandy,Barley,6.8,14,18,"Vermicompost, Bio-fertilizers",44.2,26.6,27.2,0,0
Haryana,Peaty,Wheat,6.1,12,34,"Neem cake, Rock phosphate",83.9,45.2,33.8,0,0
Maharashtra,Loamy,Maize,6.7,3,34,"Potash, Farmyard Manure",46.2,18.7,4.2,0,0
Punjab,Sandy,Wheat,7.3,13,22,"Vermicompost, Bio-fertilizers",87.2,59.6,37.8,0,0
Rajasthan,Laterite,Maize,7.4,3,27,"Gypsum, Ammonium Sulphate",56.8,24.3,4.9,0,0
Maharashtra,Black,Wheat,6.8,4,22,"Gypsum, Ammonium Sulphate",134.2,49.5,31.6,0,0
Madhya Pradesh,Clay,Millet,5.3,6,31,"Potash, Farmyard Manure",48.4,21,28.9,0,0
Maharashtra,Alluvial,Groundnut,7.8,9,34,"Compost, NPK",14.3,44.7,77.9,7.5,29.3
Bihar,Peaty,Groundnut,6.7,11,33,"Potash, Farmyard Manure",13.5,45.9,72.2,7.2,27.1
Kerala,Black,Cotton,5.3,9,25,"Superphosphate, Lime",70.1,48.3,45.6,0,25.8
Bihar,Black,Sugarcane,5.4,11,30,"Gypsum, Ammonium Sulphate",192.1,86,116.5,0,37.4
Gujarat,Loamy,Tea,5.6,12,35,"Neem cake, Rock phosphate",175.7,53.1,56.5,0,0
Gujarat,Chalky,Rice,6.9,10,19,"Potash, Farmyard Manure",133.3,68.3,58.8,21.5,0
Maharashtra,Alluvial,Groundnut,7,5,32,"Urea, DAP",18.2,50.2,62,6.5,22.7
Punjab,Saline,Tea,6.4,4,29,"Gypsum, Ammonium Sulphate",168.2,58,68.5,0,0
Kerala,Red,Barley,5.5,7,28,"Gypsum, Ammonium Sulphate",75.2,25.1,25.6,0,0
Kerala,Black,Sugarcane,6.9,5,26,"Green manure, Phosphate",238.8,78,66.4,0,24.1
Haryana,Alluvial,Rice,5.7,3,34,"Neem cake, Rock phosphate",195.6,58.8,58.2,21.6,0
Gujarat,Sandy,Sugarcane,6.8,8,30,"Green manure, Phosphate",216.2,80.2,67.4,0,24.9
Madhya Pradesh,Red,Cotton,7.5,13,32,"Bone Meal, Urea",86.5,56,41.1,0,25.7
Tamil Nadu,Peaty,Maize,5.7,7,34,"Bone Meal, Urea",48.7,17.1,4.3,0,0
Madhya Pradesh,Sandy,Tea,6.6,8,34,"Neem cake, Rock phosphate",179.7,55.9,66.7,0,0
Kerala,Laterite,Millet,7.1,13,25,"Neem cake, Rock phosphate",59.8,28.7,33.8,0,0
Kerala,Sandy,Pulses,6.5,15,29,"Urea, DAP",27.7,47.9,20,5.9,11
Punjab,Chalky,Wheat,5.2,5,25,"Urea, DAP",126.9,55.8,30.5,0,0
Gujarat,Saline,Maize,6.1,14,20,"Urea, DAP",54.1,15.2,4.1,0,0
Maharashtra,Sandy,Wheat,6.7,7,25,"Urea, DAP",67.4,50.5,31.5,0,0
Uttar Pradesh,Laterite,Tea,5.6,8,31,"Neem cake, Rock phosphate",161.6,52,60.7,0,0
Madhya Pradesh,Black,Wheat,7.8,12,32,"Superphosphate, Lime",123.3,46.7,38.4,0,0
Bihar,Alluvial,Groundnut,7.7,7,35,"Gypsum, Ammonium Sulphate",17.8,43.7,50.9,9.9,23.2
Bihar,Loamy,Pulses,5.6,8,24,"Vermicompost, Bio-fertilizers",21.8,58.9,27.3,7.3,17
Kerala,Saline,Barley,6,11,24,"Cow dung, Potash",43.9,24.5,39.8,0,0
Maharashtra,Clay,Maize,6.3,3,25,"Bone Meal, Urea",50.3,15.9,4.8,0,0
Gujarat,Loamy,Groundnut,5.9,10,35,"Compost, NPK",24.4,59.3,79.8,6,22.7
Rajasthan,Black,Tea,5.6,13,20,"Green manure, Phosphate",127.5,44,76.8,0,0
Rajasthan,Peaty,Cotton,5.3,7,34,"Potash, Farmyard Manure",86.3,31.8,42.4,0,27.2
Rajasthan,Saline,Tea,6.3,11,22,"Neem cake, Rock phosphate",159.8,44.1,66.3,0,0
Uttar Pradesh,Clay,Groundnut,6,3,23,"Bone Meal, Urea",15.3,46.5,69,6.3,24.3
Bihar,Sandy,Millet,6.1,4,34,"Potash, Farmyard Manure",55.4,22.9,23.6,0,0
Uttar Pradesh,Red,Sugarcane,5.9,15,23,"Neem cake, Rock phosphate",152.1,65.8,70.5,0,29.3
Maharashtra,Laterite,Rice,7.8,9,31,"Bone Meal, Urea",199,68.4,43.1,18.2,0
Kerala,Black,Groundnut,7.6,13,35,"Superphosphate, Lime",20.3,56.6,72,6,20.4
Gujarat,Alluvial,Cotton,6.4,13,21,"Compost, NPK",139.7,58.6,54,0,23.7
Uttar Pradesh,Sandy,Rice,6.3,6,24,"Compost, NPK",163,62.3,59,14.4,0
Punjab,Clay,Sugarcane,6.5,12,28,"Bone Meal, Urea",226.2,82.1,115,0,34.6
Bihar,Black,Groundnut,6.9,15,21,"Neem cake, Rock phosphate",19.7,45.8,67,6.9,27.9
Uttar Pradesh,Peaty,Groundnut,7.7,7,28,"Cow dung, Potash",15.1,46.1,42.7,9.4,22.8
Haryana,Black,Rice,6.4,14,28,"Bone Meal, Urea",185.4,65,49.2,15.3,0
Tamil Nadu,Peaty,Millet,7.5,7,31,"Compost, NPK",59.1,21.2,22,0,0
Tamil Nadu,Chalky,Maize,5.1,6,32,"Cow dung, Potash",49.7,16.3,4.3,0,0
Bihar,Clay,Millet,7.9,6,34,"Compost, NPK",59,29.8,30.6,0,0
Bihar,Sandy,Rice,7.1,5,27,"Neem cake, Rock phosphate",163,60.9,52.7,16.1,0
Tamil Nadu,Red,Barley,5.3,5,25,"Bone Meal, Urea",44.2,39.3,25.5,0,0
Rajasthan,Red,Maize,6.2,12,22,"Urea, DAP",52.1,26.9,4.2,0,0
Bihar,Clay,Groundnut,7.7,6,26,"Urea, DAP",24.9,58.9,60.4,9.6,28.4
Uttar Pradesh,Laterite,Pulses,7.1,10,20,"Gypsum, Ammonium Sulphate",26.7,44.8,28.2,9.2,15.3
Haryana,Clay,Pulses,6.7,8,22,"Urea, DAP",17.8,56.1,28.1,5.7,15.2
Haryana,Black,Sugarcane,7.3,8,23,"Compost, NPK",195.5,86.1,73.1,0,34.8
Haryana,Chalky,Millet,6.3,5,35,"Gypsum, Ammonium Sulphate",58.1,28,34.5,0,0
Tamil Nadu,Peaty,Barley,7.6,13,29,"Gypsum, Ammonium Sulphate",57.5,36.2,35.3,0,0
Madhya Pradesh,Peaty,Barley,6.6,15,19,"Vermicompost, Bio-fertilizers",43.2,30.2,36.7,0,0
Bihar,Sandy,Rice,6.2,5,23,"Bone Meal, Urea",151.3,56.8,44.1,25,0
Punjab,Saline,Wheat,7.6,7,18,"Bone Meal, Urea",106.5,46.3,34.4,0,0
Haryana,Alluvial,Barley,6.1,13,35,"Superphosphate, Lime",48,26.1,25.9,0,0
Haryana,Alluvial,Millet,5.3,4,25,"Bone Meal, Urea",57.2,22.5,23.5,0,0
Punjab,Sandy,Tea,5.9,6,28,"Superphosphate, Lime",123.6,50.1,60.5,0,0
Uttar Pradesh,Peaty,Barley,7.8,11,27,"Superphosphate, Lime",48.9,29.7,26.8,0,0
Uttar Pradesh,Laterite,Rice,5.1,6,28,"Vermicompost, Bio-fertilizers",150.5,62.3,54.9,21.9,0
Tamil Nadu,Sandy,Rice,7.9,13,33,"Urea, DAP",153.2,50.5,55,23.9,0
Uttar Pradesh,Peaty,Cotton,5.7,5,30,"Green manure, Phosphate",136.1,58,68.5,0,24.6
Maharashtra,Laterite,Groundnut,6,5,34,"Superphosphate, Lime",23.7,42.1,41.2,9.4,26
Punjab,Clay,Millet,7.8,13,19,"Gypsum, Ammonium Sulphate",40.8,28,28.7,0,0
Haryana,Saline,Maize,6.9,5,25,"Cow dung, Potash",57.8,15.4,4.2,0,0
Gujarat,Saline,Wheat,7,15,35,"Neem cake, Rock phosphate",118,50.1,37.2,0,0
Bihar,Red,Rice,6.2,14,28,"Potash, Farmyard Manure",175.3,58,46.9,22.3,0
Haryana,Sandy,Cotton,5.5,6,23,"Urea, DAP",136.1,57,55,0,26.6
Maharashtra,Sandy,Wheat,5.7,13,33,"Potash, Farmyard Manure",143.4,52.7,36.5,0,0
Rajasthan,Chalky,Wheat,7.5,4,34,"Neem cake, Rock phosphate",103.2,51.1,31.7,0,0
Punjab,Loamy,Barley,7.1,6,20,"Neem cake, Rock phosphate",64,39,39.1,0,0
Uttar Pradesh,Chalky,Sugarcane,7.5,13,19,"Cow dung, Potash",227.7,61.7,104.2,0,25.9
Kerala,Sandy,Cotton,7.1,11,34,"Superphosphate, Lime",97.3,51.5,52.2,0,23.7
Gujarat,Alluvial,Tea,5.5,10,18,"Cow dung, Potash",142.5,43.1,44.9,0,0
Madhya Pradesh,Sandy,Barley,5.3,6,18,"Superphosphate, Lime",40,33.9,39.6,0,0
Madhya Pradesh,Black,Pulses,7.9,6,22,"Cow dung, Potash",27.9,57,27.7,7.8,18.6
Rajasthan,Alluvial,Maize,6.7,8,27,"Gypsum, Ammonium Sulphate",55.7,15.6,5,0,0
Kerala,Clay,Pulses,6.7,10,21,"Potash, Farmyard Manure",19.3,46.3,29,7.4,19.1
Uttar Pradesh,Peaty,Millet,6,9,26,"Urea, DAP",41.6,24.3,35,0,0
Bihar,Black,Tea,5.9,14,25,"Bone Meal, Urea",158.4,54.8,79.9,0,0
Maharashtra,Clay,Millet,7,3,32,"Vermicompost, Bio-fertilizers",41.4,24.4,32.6,0,0
Rajasthan,Sandy,Sugarcane,7.8,13,25,"Urea, DAP",186.4,87.6,98.4,0,21.6
Kerala,Chalky,Millet,6.7,8,21,"Gypsum, Ammonium Sulphate",45.6,29.4,34.3,0,0
Tamil Nadu,Red,Tea,7.7,11,19,"Green manure, Phosphate",173.3,48.5,70.1,0,0
Punjab,Alluvial,Pulses,5.1,15,30,"Superphosphate, Lime",25.5,52.1,27.5,8.2,11.8
Maharashtra,Red,Wheat,7.4,12,28,"Potash, Farmyard Manure",74.3,59.3,33.4,0,0
Maharashtra,Saline,Barley,5.5,3,18,"Green manure, Phosphate",48.1,21.4,21.5,0,0
Madhya Pradesh,Black,Wheat,6.4,4,22,"Vermicompost, Bio-fertilizers",92.8,57.1,33.1,0,0
Uttar Pradesh,Saline,Wheat,5.8,4,26,"Cow dung, Potash",63.4,55.3,30.9,0,0
Gujarat,Sandy,Cotton,7,9,26,"Urea, DAP",139.6,33.3,63.7,0,20.3
Rajasthan,Loamy,Groundnut,7,5,27,"Vermicompost, Bio-fertilizers",25.8,48.5,74.4,9.5,24.5
Rajasthan,Peaty,Wheat,7.2,11,18,"Compost, NPK",50.6,52.5,39.3,0,0
Punjab,Peaty,Rice,5,12,28,"Gypsum, Ammonium Sulphate",139.3,52,57,22.9,0
Kerala,Laterite,Wheat,7.9,10,18,"Vermicompost, Bio-fertilizers",55,54.7,34.4,0,0
Haryana,Loamy,Groundnut,5.2,14,19,"Gypsum, Ammonium Sulphate",21.4,53.3,42.8,5.8,21.9
Kerala,Clay,Cotton,7.9,7,32,"Cow dung, Potash",83.3,59.3,73.2,0,21.2
Bihar,Clay,Groundnut,5.2,8,19,"Superphosphate, Lime",15.5,56.1,71.9,9.6,24.5
Gujarat,Red,Groundnut,6.6,3,24,"Green manure, Phosphate",18.3,56.9,48.5,7.7,25.1
Punjab,Laterite,Sugarcane,7.7,10,32,"Compost, NPK",162.7,69.6,114.3,0,32.9
Uttar Pradesh,Clay,Wheat,6.5,8,31,"Superphosphate, Lime",61.5,46.9,32.5,0,0
Madhya Pradesh,Alluvial,Millet,6.5,8,34,"Green manure, Phosphate",56.8,28.2,36.5,0,0
Kerala,Black,Millet,7.5,4,29,"Bone Meal, Urea",49.1,20.7,23.2,0,0
Madhya Pradesh,Alluvial,Sugarcane,7.3,12,30,"Neem cake, Rock phosphate",220.7,60.9,104.4,0,24.7
Madhya Pradesh,Laterite,Cotton,7.5,15,34,"Cow dung, Potash",98.4,45.4,64.2,0,24.1
Madhya Pradesh,Clay,Tea,6.5,11,27,"Green manure, Phosphate",195.2,42.4,44.1,0,0
Kerala,Laterite,Groundnut,6.4,9,26,"Neem cake, Rock phosphate",12.6,41.3,68.7,6.1,24.4
Tamil Nadu,Peaty,Groundnut,5.1,12,18,"Superphosphate, Lime",14.4,51.7,72.6,7.8,28.6
Haryana,Alluvial,Pulses,6.8,11,28,"Urea, DAP",39.9,46.4,21.6,7.4,19.4
Uttar Pradesh,Black,Maize,5.3,11,26,"Neem cake, Rock phosphate",58.7,22.6,4.9,0,0
Punjab,Laterite,Millet,6.4,4,24,"Compost, NPK",46.8,29.5,29.9,0,0
Gujarat,Saline,Groundnut,5.1,6,29,"Cow dung, Potash",11.2,46.5,79.3,9.1,29.9
Tamil Nadu,Loamy,Tea,7.6,7,31,"Cow dung, Potash",184.6,47.3,44.9,0,0
Uttar Pradesh,Loamy,Groundnut,6.9,10,18,"Green manure, Phosphate",12.7,41.6,42.1,6.3,20.6
Tamil Nadu,Alluvial,Pulses,6.6,5,20,"Urea, DAP",31.2,52.4,28.2,8.4,16.3
Gujarat,Chalky,Cotton,5.5,13,21,"Potash, Farmyard Manure",148.2,36.2,72.8,0,27.9
Rajasthan,Chalky,Rice,6.7,5,26,"Green manure, Phosphate",175.7,69.6,53.5,22.9,0
Uttar Pradesh,Red,Barley,8,7,31,"Urea, DAP",56.2,32.5,30.8,0,0
Kerala,Clay,Millet,5,12,28,"Neem cake, Rock phosphate",47.7,21.5,30.1,0,0
Bihar,Black,Wheat,6,11,33,"Vermicompost, Bio-fertilizers",161,49.5,37.8,0,0
Rajasthan,Saline,Cotton,5.4,5,34,"Potash, Farmyard Manure",133.2,31.4,71.1,0,29.2
Uttar Pradesh,Chalky,Tea,7.2,3,28,"Vermicompost, Bio-fertilizers",183.6,56.1,60.5,0,0
Kerala,Peaty,Groundnut,5.4,4,22,"Green manure, Phosphate",19.5,45.1,45.3,9.9,25.8
Bihar,Sandy,Sugarcane,7,5,27,"Urea, DAP",172.4,79.4,109.8,0,39.8
Bihar,Clay,Sugarcane,6.2,10,26,"Cow dung, Potash",198.5,71.8,73.1,0,36.9
Punjab,Sandy,Sugarcane,7,12,32,"Cow dung, Potash",170.9,86.9,69.3,0,26.4
Madhya Pradesh,Red,Wheat,5.6,15,20,"Urea, DAP",105.1,58.4,30.7,0,0
Gujarat,Laterite,Cotton,5.9,5,24,"Superphosphate, Lime",85.6,30.5,54.6,0,22.8
Punjab,Red,Groundnut,7.7,8,24,"Vermicompost, Bio-fertilizers",28.2,44,60.3,6.4,20.8
Madhya Pradesh,Saline,Tea,5.9,4,26,"Gypsum, Ammonium Sulphate",137.6,52,44.1,0,0
Bihar,Black,Wheat,7.3,6,31,"Bone Meal, Urea",143.6,55,37.6,0,0
Tamil Nadu,Loamy,Pulses,7.9,4,30,"Vermicompost, Bio-fertilizers",28.5,48.4,29,5.1,14.1
Kerala,Sandy,Rice,7.9,12,29,"Neem cake, Rock phosphate",175.9,60.5,49.3,21.1,0
Uttar Pradesh,Sandy,Barley,7,11,34,"Potash, Farmyard Manure",70.2,28.6,26.2,0,0
Punjab,Black,Millet,5.5,9,22,"Bone Meal, Urea",45.3,23.5,30.6,0,0
Gujarat,Red,Rice,6.7,9,25,"Gypsum, Ammonium Sulphate",166.4,58.4,42.2,18.9,0
Punjab,Chalky,Tea,6.2,7,34,"Urea, DAP",184.7,45.4,50.5,0,0
Haryana,Alluvial,Wheat,7.5,6,35,"Urea, DAP",126.1,46.3,35,0,0
Gujarat,Loamy,Rice,5.6,5,30,"Urea, DAP",197.1,68.7,50.2,17.1,0
Maharashtra,Red,Wheat,5.8,11,23,"Cow dung, Potash",50.2,48.2,33.8,0,0
Haryana,Sandy,Groundnut,6.9,12,21,"Vermicompost, Bio-fertilizers",22.6,54.9,63,5.8,26.7
Maharashtra,Chalky,Maize,7.9,7,22,"Urea, DAP",50.9,25.7,4.5,0,0
Maharashtra,Clay,Sugarcane,6.2,12,23,"Vermicompost, Bio-fertilizers",160.1,61.9,82.1,0,32.8
Kerala,Chalky,Rice,6.2,6,26,"Cow dung, Potash",197,66.5,54.8,15.3,0
Tamil Nadu,Saline,Pulses,7.9,15,34,"Neem cake, Rock phosphate",22.8,46.2,26.3,9.2,19.6
Maharashtra,Black,Wheat,6,11,19,"Superphosphate, Lime",56.7,49.6,35.8,0,0
Bihar,Chalky,Cotton,7.5,6,20,"Potash, Farmyard Manure",93.5,44.4,72.5,0,27.7
Madhya Pradesh,Chalky,Pulses,7.9,14,26,"Bone Meal, Urea",35,40.2,26.3,9,11.6
Rajasthan,Clay,Sugarcane,6.9,3,25,"Bone Meal, Urea",207.7,82.8,108.7,0,31.2
Rajasthan,Alluvial,Pulses,6.4,11,31,"Bone Meal, Urea",31.4,42.4,21.9,6.6,12.1
Tamil Nadu,Laterite,Wheat,6.2,7,22,"Gypsum, Ammonium Sulphate",111.2,45.8,30.5,0,0
Haryana,Peaty,Cotton,7.8,14,26,"Gypsum, Ammonium Sulphate",140.3,59.6,58.5,0,26.8
Tamil Nadu,Laterite,Barley,6.8,9,20,"Gypsum, Ammonium Sulphate",64.9,28.5,36,0,0
Rajasthan,Alluvial,Tea,5.4,12,25,"Superphosphate, Lime",188.8,42.2,45.5,0,0
Gujarat,Peaty,Millet,5.8,11,29,"Bone Meal, Urea",43.3,26.6,35,0,0
Haryana,Clay,Groundnut,7.7,11,35,"Superphosphate, Lime",13.9,49.7,56.5,6.1,27.8
Haryana,Red,Tea,5.6,8,27,"Urea, DAP",166.2,41.9,67.2,0,0
Rajasthan,Loamy,Maize,5.3,9,34,"Compost, NPK",53.9,27.2,4.2,0,0
Gujarat,Sandy,Cotton,7.3,7,26,"Cow dung, Potash",98.8,36.9,55.2,0,29.3
Kerala,Laterite,Sugarcane,6.2,5,30,"Cow dung, Potash",233.4,89.6,72.4,0,32.1
Tamil Nadu,Peaty,Barley,6.5,10,21,"Bone Meal, Urea",51.2,22.7,38,0,0
Uttar Pradesh,Black,Rice,7,12,27,"Green manure, Phosphate",143.9,59.6,56.3,16.9,0
Haryana,Black,Tea,5.6,13,22,"Bone Meal, Urea",166,47.6,71.7,0,0
Gujarat,Black,Groundnut,6,7,20,"Superphosphate, Lime",17.3,49.5,53.1,7.7,27.3
Kerala,Red,Barley,5.9,4,28,"Vermicompost, Bio-fertilizers",70.5,35.4,30.3,0,0
Rajasthan,Laterite,Pulses,5.2,10,28,"Urea, DAP",16.5,53.9,28.8,6.6,10.9
Bihar,Black,Wheat,7.2,8,23,"Gypsum, Ammonium Sulphate",69.8,46.5,30.3,0,0
Gujarat,Saline,Wheat,6,9,25,"Compost, NPK",159.5,46.5,32.6,0,0
Kerala,Laterite,Barley,5.9,10,34,"Vermicompost, Bio-fertilizers",77.9,22.8,27.5,0,0
Kerala,Sandy,Barley,5.7,11,21,"Cow dung, Potash",41.3,23.5,27.8,0,0
Uttar Pradesh,Sandy,Rice,7.8,10,25,"Neem cake, Rock phosphate",151.6,67.7,43.7,22.9,0
Kerala,Laterite,Cotton,6.3,9,27,"Superphosphate, Lime",79.8,37.4,60.7,0,23.3
Uttar Pradesh,Alluvial,Tea,5.6,11,18,"Compost, NPK",130.2,55.4,56.8,0,0
Madhya Pradesh,Red,Groundnut,5,10,18,"Neem cake, Rock phosphate",24.1,56.1,75.5,9.8,24.3
Haryana,Laterite,Cotton,5.1,12,25,"Green manure, Phosphate",130,45.3,51.9,0,21.9
Rajasthan,Saline,Barley,5.8,3,19,"Bone Meal, Urea",79.6,31,37.8,0,0
Madhya Pradesh,Saline,Millet,7.8,12,28,"Urea, DAP",49.1,24.6,24,0,0
Gujarat,Peaty,Maize,5.5,13,30,"Bone Meal, Urea",40.6,17.7,4.7,0,0
Maharashtra,Sandy,Sugarcane,6.7,12,32,"Green manure, Phosphate",166.8,64.5,87.3,0,31.2
Kerala,Loamy,Rice,7.3,15,21,"Green manure, Phosphate",142.1,56.5,57.6,21.9,0
Maharashtra,Peaty,Maize,7.9,15,32,"Urea, DAP",59.2,20.8,4.1,0,0
Haryana,Peaty,Barley,6.5,7,30,"Bone Meal, Urea",69.4,21.5,27.7,0,0
Bihar,Clay,Millet,7,8,23,"Potash, Farmyard Manure",43.7,25.6,32.1,0,0
Kerala,Laterite,Groundnut,7.2,10,28,"Potash, Farmyard Manure",26.7,51.3,58.3,9.7,29.7
Kerala,Loamy,Maize,5.8,12,19,"Bone Meal, Urea",58.7,23.6,4.2,0,0
Madhya Pradesh,Alluvial,Barley,6.4,8,34,"Cow dung, Potash",62.5,39.9,24.4,0,0
Madhya Pradesh,Sandy,Groundnut,7.1,10,35,"Bone Meal, Urea",16.4,51.2,78.6,8.3,23.5
Madhya Pradesh,Laterite,Cotton,5.3,3,18,"Green manure, Phosphate",91.5,36.1,51.9,0,26.6
Gujarat,Chalky,Groundnut,5.5,7,31,"Bone Meal, Urea",23.2,48.2,43.7,6.1,27.5
Bihar,Laterite,Groundnut,5.3,3,21,"Cow dung, Potash",25.6,59.9,69.1,8.5,28.1
Gujarat,Loamy,Wheat,5.7,15,31,"Gypsum, Ammonium Sulphate",88.9,53.5,35,0,0
Kerala,Black,Cotton,6.1,10,21,"Vermicompost, Bio-fertilizers",149.2,42.3,75.3,0,28.7
Punjab,Loamy,Groundnut,5.4,11,20,"Cow dung, Potash",14.1,49.4,71.1,10,22.4
Tamil Nadu,Black,Groundnut,6.2,12,26,"Green manure, Phosphate",10.9,51.4,66.4,7.5,26.1
Madhya Pradesh,Sandy,Barley,6,3,20,"Vermicompost, Bio-fertilizers",61.2,37.6,32.2,0,0
Kerala,Clay,Sugarcane,7.6,6,33,"Bone Meal, Urea",215,84.6,78.8,0,21.8
Punjab,Loamy,Wheat,7.7,4,27,"Superphosphate, Lime",103.1,58.1,30.3,0,0
Maharashtra,Red,Wheat,7.3,4,24,"Superphosphate, Lime",131.8,57.4,39.4,0,0
Bihar,Saline,Sugarcane,7.2,11,29,"Urea, DAP",189.2,63.4,62.9,0,32.4
Kerala,Saline,Cotton,7.9,14,27,"Superphosphate, Lime",113.1,57.9,44.4,0,22.6
Punjab,Red,Millet,7.1,9,29,"Urea, DAP",55.8,26,33.6,0,0
Uttar Pradesh,Peaty,Sugarcane,5.9,7,33,"Green manure, Phosphate",246,78.9,112.3,0,31.7
Kerala,Alluvial,Rice,7.9,6,34,"Superphosphate, Lime",130.5,59.3,53.2,18.7,0
Kerala,Loamy,Sugarcane,6,5,33,"Bone Meal, Urea",197.6,70.4,98.8,0,32.3
Rajasthan,Laterite,Wheat,7.5,12,21,"Green manure, Phosphate",133.7,52,38.3,0,0
Rajasthan,Black,Pulses,7.8,9,32,"Potash, Farmyard Manure",16.9,48.6,26.1,9.2,19.6
Kerala,Clay,Millet,6.9,10,28,"Vermicompost, Bio-fertilizers",58.6,28.3,28.5,0,0
Punjab,Black,Groundnut,6.6,11,26,"Green manure, Phosphate",23.7,51.1,77.8,5.7,27.4
Gujarat,Clay,Rice,5.6,3,19,"Neem cake, Rock phosphate",159.8,55.2,48.9,17.6,0
Kerala,Red,Tea,7.3,5,24,"Urea, DAP",132.2,41.5,50,0,0
Maharashtra,Laterite,Wheat,6.9,13,24,"Compost, NPK",105.3,59.1,32.9,0,0
Punjab,Sandy,Wheat,6.7,14,28,"Gypsum, Ammonium Sulphate",166.4,59.9,30.6,0,0
Bihar,Clay,Tea,6,8,26,"Superphosphate, Lime",189.7,45.5,69.3,0,0
Bihar,Red,Cotton,6,10,30,"Potash, Farmyard Manure",97.1,39.2,76.3,0,22.2
Haryana,Red,Cotton,6.9,5,21,"Green manure, Phosphate",70.8,40.7,65.8,0,25
Uttar Pradesh,Saline,Groundnut,7.2,3,24,"Bone Meal, Urea",22.5,48.1,67.5,9,27.7
Bihar,Red,Rice,7.7,6,21,"Vermicompost, Bio-fertilizers",147,55.4,50.4,22.4,0
Punjab,Saline,Wheat,7.8,12,25,"Gypsum, Ammonium Sulphate",136.1,54,36.1,0,0
Uttar Pradesh,Alluvial,Millet,5.3,5,30,"Compost, NPK",51.3,26.8,33.4,0,0
Gujarat,Peaty,Rice,6.6,14,22,"Gypsum, Ammonium Sulphate",130.2,69.1,45,17.5,0
Bihar,Chalky,Cotton,6.5,14,35,"Cow dung, Potash",100.4,45.5,50.5,0,21.6
Bihar,Alluvial,Sugarcane,6.6,3,33,"Compost, NPK",165.7,66.3,105.3,0,29.6
Gujarat,Red,Cotton,5.3,12,24,"Bone Meal, Urea",74,50.3,44.2,0,29
Bihar,Red,Millet,6.7,11,34,"Neem cake, Rock phosphate",41.3,29.9,24.4,0,0
Madhya Pradesh,Alluvial,Millet,6.2,8,34,"Urea, DAP",47.5,24.6,35.7,0,0
Maharashtra,Chalky,Wheat,6.2,13,35,"Superphosphate, Lime",148.8,59,31.4,0,0
Gujarat,Loamy,Maize,7.3,12,21,"Compost, NPK",41.6,24.5,4.3,0,0
Haryana,Laterite,Barley,5.8,15,22,"Green manure, Phosphate",54,30.6,28.9,0,0
Maharashtra,Loamy,Millet,6,8,20,"Superphosphate, Lime",49.3,20.2,28.1,0,0
Punjab,Laterite,Tea,7.3,11,31,"Cow dung, Potash",191.9,56.5,46.8,0,0
Tamil Nadu,Peaty,Barley,5,8,32,"Cow dung, Potash",54.6,35.7,22.7,0,0
Maharashtra,Chalky,Cotton,5.4,11,18,"Bone Meal, Urea",96,50.5,74.1,0,24.5
Maharashtra,Laterite,Maize,5.6,7,25,"Urea, DAP",56.8,18,4.4,0,0
Uttar Pradesh,Laterite,Groundnut,6.5,12,20,"Green manure, Phosphate",15,41.7,70.9,9.6,26.5
Tamil Nadu,Red,Millet,7.4,7,35,"Compost, NPK",54.7,21.6,22.5,0,0
Madhya Pradesh,Laterite,Pulses,7.9,8,30,"Bone Meal, Urea",30.4,42.2,22.6,9.3,11.5
Tamil Nadu,Chalky,Wheat,5.3,13,32,"Neem cake, Rock phosphate",124.2,59.7,35.5,0,0
Haryana,Red,Sugarcane,7.5,10,24,"Vermicompost, Bio-fertilizers",172.7,79.5,81.2,0,36.4
Tamil Nadu,Clay,Sugarcane,8,6,19,"Cow dung, Potash",176.3,70.5,75.9,0,30.1
Maharashtra,Sandy,Wheat,7.6,11,29,"Green manure, Phosphate",135.2,56.7,37.1,0,0
Haryana,Loamy,Barley,6.8,8,30,"Superphosphate, Lime",65.1,27.1,23.1,0,0
Uttar Pradesh,Chalky,Groundnut,7.5,6,26,"Cow dung, Potash",14.9,56.9,68.6,6.7,22.6
Gujarat,Saline,Sugarcane,6.5,8,25,"Superphosphate, Lime",164.7,61.8,90.8,0,36.3
Maharashtra,Loamy,Maize,6.3,8,29,"Vermicompost, Bio-fertilizers",43.9,26.7,4.2,0,0
Rajasthan,Peaty,Sugarcane,7.3,11,33,"Potash, Farmyard Manure",236.2,87.7,111.3,0,23.5
Rajasthan,Alluvial,Barley,7.8,9,29,"Gypsum, Ammonium Sulphate",54.9,32.1,21.5,0,0
Gujarat,Loamy,Cotton,7.3,13,18,"Bone Meal, Urea",138,40.8,60.9,0,21
Madhya Pradesh,Red,Millet,5.3,13,28,"Cow dung, Potash",42.2,21.6,37.1,0,0
Gujarat,Loamy,Maize,7.4,12,33,"Vermicompost, Bio-fertilizers",47.2,25.9,4.2,0,0
Kerala,Red,Groundnut,7.5,12,29,"Cow dung, Potash",24.6,52.8,41.9,8.3,29.3
Madhya Pradesh,Saline,Sugarcane,5.1,6,23,"Urea, DAP",211.6,76.4,60.5,0,22.5
Madhya Pradesh,Laterite,Sugarcane,5.1,3,21,"Neem cake, Rock phosphate",174.2,62.5,69,0,38.6
Gujarat,Black,Millet,6.1,12,31,"Urea, DAP",45.6,28.3,39.9,0,0
Kerala,Chalky,Barley,8,4,27,"Vermicompost, Bio-fertilizers",49.5,33.7,26.5,0,0
Kerala,Peaty,Groundnut,6.2,13,30,"Urea, DAP",18.7,45,67.5,8.9,25.8
Punjab,Loamy,Pulses,7.1,12,34,"Green manure, Phosphate",32,53.1,29.6,7.2,11
Tamil Nadu,Loamy,Pulses,7.1,14,20,"Superphosphate, Lime",33,49.1,25.4,9.3,19.8
Uttar Pradesh,Black,Millet,7.4,4,33,"Bone Meal, Urea",50.6,20.6,31.3,0,0
Haryana,Alluvial,Sugarcane,7.6,7,23,"Vermicompost, Bio-fertilizers",240.1,61.7,98,0,37.7
Punjab,Red,Rice,6.3,4,18,"Green manure, Phosphate",148.7,64.7,41.8,15,0
Rajasthan,Saline,Groundnut,7.2,7,26,"Gypsum, Ammonium Sulphate",16.7,55.4,42.4,10,22
Bihar,Loamy,Groundnut,5.8,14,22,"Potash, Farmyard Manure",19,49.6,61.2,7.7,29.7
Uttar Pradesh,Sandy,Wheat,7.1,3,23,"Cow dung, Potash",152.6,47.8,37.6,0,0
Punjab,Red,Millet,6.6,12,24,"Bone Meal, Urea",46.7,28,23.8,0,0
Gujarat,Sandy,Barley,6.6,7,26,"Green manure, Phosphate",62.6,21.2,29.6,0,0
Madhya Pradesh,Black,Millet,6.8,15,23,"Neem cake, Rock phosphate",50.8,22.6,32.5,0,0
Bihar,Loamy,Barley,7.2,11,26,"Superphosphate, Lime",69,37.3,25.7,0,0
Maharashtra,Chalky,Rice,5.8,7,18,"Neem cake, Rock phosphate",189.5,67.4,53,15.9,0
Tamil Nadu,Peaty,Cotton,7.1,3,31,"Compost, NPK",139.2,57.6,64.7,0,28.8
Tamil Nadu,Saline,Wheat,5.2,12,32,"Green manure, Phosphate",56.3,46,38.4,0,0
Maharashtra,Saline,Cotton,6.8,15,24,"Gypsum, Ammonium Sulphate",96.7,53.1,77.3,0,25
Madhya Pradesh,Black,Tea,6.3,14,35,"Urea, DAP",186.8,46.6,41.8,0,0
Madhya Pradesh,Sandy,Pulses,7.3,5,22,"Compost, NPK",34.1,40.8,23.8,8.7,13
Haryana,Clay,Maize,5.8,3,18,"Superphosphate, Lime",44.8,19.1,4.1,0,0
Madhya Pradesh,Loamy,Rice,5.1,4,26,"Vermicompost, Bio-fertilizers",128.7,68.5,54.6,15.3,0
Rajasthan,Black,Wheat,7.2,10,19,"Cow dung, Potash",78.2,58.5,32.9,0,0
Gujarat,Alluvial,Groundnut,7.2,10,33,"Superphosphate, Lime",29.6,52.6,74.6,9.7,23.1
Gujarat,Sandy,Tea,5.1,10,24,"Superphosphate, Lime",181.4,59.8,68.5,0,0
Rajasthan,Loamy,Millet,6.6,12,34,"Potash, Farmyard Manure",56.8,23.2,38,0,0
Rajasthan,Saline,Barley,5.7,6,30,"Potash, Farmyard Manure",55.3,28.4,33.1,0,0
Gujarat,Saline,Pulses,5.2,13,20,"Green manure, Phosphate",20.1,49.3,29.5,5.8,19.4
Rajasthan,Laterite,Tea,5.2,10,19,"Neem cake, Rock phosphate",188.8,59.9,75.6,0,0
Punjab,Clay,Wheat,5.5,6,25,"Gypsum, Ammonium Sulphate",79,59,39.6,0,0
Haryana,Peaty,Sugarcane,7.6,12,22,"Gypsum, Ammonium Sulphate",217,76.6,114.9,0,34.5
Kerala,Laterite,Wheat,6.8,4,18,"Gypsum, Ammonium Sulphate",171.4,56.2,34.4,0,0
Madhya Pradesh,Loamy,Tea,5.5,10,22,"Gypsum, Ammonium Sulphate",149.7,57.9,48.9,0,0
Haryana,Red,Maize,6.3,6,25,"Urea, DAP",47,23.2,4.9,0,0
Punjab,Red,Pulses,6.2,6,21,"Compost, NPK",27.5,59.8,22.9,5.1,18.7
Bihar,Loamy,Rice,7.1,6,35,"Green manure, Phosphate",168.4,56,58.5,23.7,0
Rajasthan,Laterite,Maize,5.3,14,32,"Superphosphate, Lime",47.5,15.8,4.4,0,0
Gujarat,Alluvial,Millet,5.9,3,35,"Potash, Farmyard Manure",58.3,20.4,31.2,0,0
Uttar Pradesh,Chalky,Sugarcane,8,11,32,"Neem cake, Rock phosphate",229.2,60.6,111.4,0,39.9
Uttar Pradesh,Chalky,Millet,7.7,14,19,"Green manure, Phosphate",46.5,21.6,25.9,0,0
Tamil Nadu,Laterite,Millet,5.9,15,26,"Potash, Farmyard Manure",41.4,23.4,21.5,0,0
Punjab,Clay,Pulses,5.5,4,34,"Cow dung, Potash",34.2,48,28.5,7.8,12.9
Madhya Pradesh,Black,Cotton,6.3,14,33,"Potash, Farmyard Manure",110.6,56.5,60.7,0,29.5
Punjab,Peaty,Barley,6.9,8,30,"Bone Meal, Urea",74.8,37,20,0,0
Gujarat,Laterite,Barley,5.6,7,35,"Vermicompost, Bio-fertilizers",42.4,35,36.3,0,0
Maharashtra,Alluvial,Millet,7.7,4,34,"Gypsum, Ammonium Sulphate",55.6,23.1,31.9,0,0
Uttar Pradesh,Peaty,Wheat,7.7,6,20,"Superphosphate, Lime",172,50.5,30.6,0,0
Madhya Pradesh,Sandy,Rice,7.5,11,22,"Compost, NPK",137.2,61.3,44,15.6,0
Kerala,Peaty,Tea,6.7,9,32,"Vermicompost, Bio-fertilizers",135.4,51.5,57.8,0,0
Haryana,Loamy,Pulses,7.6,8,28,"Cow dung, Potash",28.5,59,22.3,6.5,14.1
Kerala,Sandy,Rice,5.7,13,31,"Green manure, Phosphate",149.6,60.1,56.1,19.8,0
Madhya Pradesh,Red,Tea,7.5,13,23,"Green manure, Phosphate",117.6,45.3,56,0,0
Bihar,Sandy,Rice,6.8,15,29,"Cow dung, Potash",146.3,56.1,41.7,15,0
Bihar,Black,Tea,6.3,13,30,"Cow dung, Potash",102.4,53.3,58.9,0,0
Punjab,Black,Sugarcane,7.9,12,35,"Superphosphate, Lime",216.5,62.4,85.5,0,30.7
Tamil Nadu,Alluvial,Groundnut,6.7,12,32,"Superphosphate, Lime",19.4,54.1,43.6,9.7,23.7
Madhya Pradesh,Black,Sugarcane,7.3,7,32,"Neem cake, Rock phosphate",219.6,65.4,101.2,0,30.6
Uttar Pradesh,Black,Pulses,7.6,8,33,"Vermicompost, Bio-fertilizers",31.1,54.6,22.6,9.8,15.2
Madhya Pradesh,Clay,Rice,5.6,8,30,"Bone Meal, Urea",143.5,59.6,59.7,24.5,0
Rajasthan,Saline,Rice,6.1,14,28,"Compost, NPK",146.3,51.7,43.8,18.3,0
Rajasthan,Loamy,Sugarcane,6.1,12,31,"Green manure, Phosphate",241.2,79.4,76.2,0,36
Maharashtra,Saline,Maize,5.6,11,18,"Neem cake, Rock phosphate",50.8,20,4.2,0,0
Rajasthan,Alluvial,Millet,5.5,6,23,"Urea, DAP",58,28.9,20.4,0,0
Gujarat,Red,Tea,7.4,9,29,"Urea, DAP",130.4,57.5,73.4,0,0
Uttar Pradesh,Black,Rice,5.6,11,33,"Superphosphate, Lime",162.2,64.8,59.2,17.6,0
Kerala,Saline,Tea,5.2,11,30,"Green manure, Phosphate",177.3,48.7,48.1,0,0
Punjab,Sandy,Pulses,5.1,5,32,"Gypsum, Ammonium Sulphate",23.8,56.3,27.7,9.3,18.2
Rajasthan,Loamy,Maize,7.9,13,29,"Neem cake, Rock phosphate",47.8,15.8,4.8,0,0
Gujarat,Loamy,Pulses,6.4,10,20,"Superphosphate, Lime",26.1,40.4,20.5,7.6,13
Punjab,Red,Millet,5.9,13,35,"Compost, NPK",42,29.6,39.2,0,0
Bihar,Clay,Rice,5.3,7,32,"Compost, NPK",147,63,48.8,18.2,0
Punjab,Laterite,Barley,6,12,33,"Vermicompost, Bio-fertilizers",73.7,35.3,39.7,0,0
Maharashtra,Peaty,Wheat,5.3,11,32,"Compost, NPK",77.9,54.7,38,0,0
Uttar Pradesh,Saline,Groundnut,6.2,9,28,"Superphosphate, Lime",15.4,56.2,59.8,5.5,29.8
Tamil Nadu,Alluvial,Pulses,6.7,6,31,"Bone Meal, Urea",33.5,52.6,21.2,7.6,19.3
Maharashtra,Sandy,Tea,7.3,11,23,"Gypsum, Ammonium Sulphate",124.6,58,61,0,0
Kerala,Sandy,Barley,5.8,15,27,"Vermicompost, Bio-fertilizers",78.4,29.4,21.1,0,0
Haryana,Alluvial,Cotton,6.6,8,31,"Neem cake, Rock phosphate",112.3,59.7,59.4,0,21.5
Maharashtra,Saline,Rice,5.3,10,22,"Bone Meal, Urea",144.4,61.8,45.5,12.9,0
Bihar,Chalky,Barley,5,4,26,"Superphosphate, Lime",63.7,33.4,25.9,0,0
Kerala,Red,Groundnut,7.6,9,31,"Cow dung, Potash",23.8,55.2,44.4,7.3,22.2
Punjab,Red,Wheat,6.3,9,34,"Superphosphate, Lime",120.2,52.3,39,0,0
Haryana,Chalky,Millet,6.4,7,22,"Superphosphate, Lime",45.3,27.1,25.6,0,0
Maharashtra,Sandy,Groundnut,7.2,3,35,"Neem cake, Rock phosphate",13.6,40.7,70.4,8.9,27.1
Rajasthan,Loamy,Millet,6.4,7,25,"Green manure, Phosphate",55,21.3,21.1,0,0
Madhya Pradesh,Clay,Pulses,6.6,4,19,"Neem cake, Rock phosphate",19.8,47.4,28,6.5,16.6
Kerala,Black,Groundnut,7.5,3,19,"Gypsum, Ammonium Sulphate",15.6,52.7,69.5,5.4,28.5
Maharashtra,Black,Barley,6.8,5,20,"Vermicompost, Bio-fertilizers",70,33.2,37.8,0,0
Punjab,Alluvial,Rice,7.4,15,34,"Superphosphate, Lime",166.6,59.4,48.7,23,0
Kerala,Loamy,Tea,5.1,6,21,"Neem cake, Rock phosphate",128,40.9,73.8,0,0
Madhya Pradesh,Saline,Maize,6,13,31,"Neem cake, Rock phosphate",59.4,26.1,5,0,0
Gujarat,Chalky,Barley,7.8,11,22,"Potash, Farmyard Manure",43.6,28.3,33.4,0,0
Rajasthan,Clay,Barley,7.7,10,22,"Vermicompost, Bio-fertilizers",74.9,29.9,37.9,0,0
Gujarat,Clay,Rice,7.9,15,22,"Gypsum, Ammonium Sulphate",121.8,68.5,48.7,18.9,0
